epName,true_slack,pred_slack,diff_slack,true_arr,pred_arr,diff_arr,required,spName,riseFall
text_out_reg[89]/D,-7.089049816131592,-7.089111328125,6.151199340820312e-05,544.0784301757812,544.0784301757812,0.0,536.9893188476562,sa01_reg[1]/CLK,rise
u0_w_reg[0][17]/D,-58.492034912109375,-58.492095947265625,6.103515625e-05,538.686767578125,538.6868896484375,-0.0001220703125,480.1947937011719,u0_w_reg[3][15]/CLK,fall
u0_w_reg[3][12]/D,-163.3419189453125,-163.34185791015625,-6.103515625e-05,547.8045654296875,547.8045043945312,6.103515625e-05,384.462646484375,u0_w_reg[3][3]/CLK,rise
u0_w_reg[3][24]/D,-319.46807861328125,-319.4681396484375,6.103515625e-05,572.1734008789062,572.1735229492188,-0.0001220703125,252.70538330078125,u0_w_reg[3][16]/CLK,rise
text_in_r_reg[114]/D,140.85647583007812,140.85653686523438,-6.103515625e-05,414.5634765625,414.5635070800781,-3.0517578125e-05,555.4200439453125,text_in_r_reg[114]/CLK,rise
u0_w_reg[2][17]/D,-7.24664306640625,-7.2467041015625,6.103515625e-05,557.1959838867188,557.1961669921875,-0.00018310546875,549.949462890625,u0_w_reg[3][15]/CLK,rise
text_out_reg[115]/D,9.29461669921875,9.2945556640625,6.103515625e-05,547.6732788085938,547.6732788085938,0.0,556.9678344726562,sa11_reg[7]/CLK,rise
u0_w_reg[2][24]/D,-77.971435546875,-77.97149658203125,6.103515625e-05,590.452880859375,590.4529418945312,-6.103515625e-05,512.4814453125,u0_w_reg[3][16]/CLK,fall
text_out_reg[69]/D,-15.79449462890625,-15.7945556640625,6.103515625e-05,545.7301025390625,545.72998046875,0.0001220703125,529.9354248046875,sa30_reg[7]/CLK,rise
u0_w_reg[1][22]/D,-305.9283447265625,-305.92840576171875,6.103515625e-05,563.7325439453125,563.732666015625,-0.0001220703125,257.80426025390625,u0_w_reg[3][15]/CLK,rise
text_out_reg[47]/D,-3.1109619140625,-3.11102294921875,6.103515625e-05,539.29296875,539.2929077148438,6.103515625e-05,536.181884765625,sa20_reg[2]/CLK,rise
u0_w_reg[0][22]/D,-295.44085693359375,-295.44091796875,6.103515625e-05,552.7090454101562,552.709228515625,-0.00018310546875,257.268310546875,u0_w_reg[3][15]/CLK,rise
u0_w_reg[0][28]/D,-26.283935546875,-26.28399658203125,6.103515625e-05,548.2802124023438,548.2803344726562,-0.0001220703125,521.996337890625,u0_w_reg[3][16]/CLK,rise
text_out_reg[71]/D,21.0938720703125,21.09381103515625,6.103515625e-05,537.4603271484375,537.4603271484375,0.0,558.5541381835938,sa30_reg[7]/CLK,rise
u0_w_reg[2][19]/D,-10.23516845703125,-10.235107421875,-6.103515625e-05,563.8362426757812,563.8363647460938,-0.0001220703125,553.6012573242188,u0_w_reg[3][15]/CLK,rise
text_out_reg[91]/D,19.80078125,19.80084228515625,-6.103515625e-05,539.9688110351562,539.9688110351562,0.0,559.7696533203125,sa01_reg[1]/CLK,rise
text_out_reg[50]/D,64.86471557617188,64.86465454101562,6.103515625e-05,478.33026123046875,478.3302307128906,3.0517578125e-05,543.1948852539062,sa13_reg[1]/CLK,rise
u0_w_reg[1][19]/D,-58.225616455078125,-58.225555419921875,-6.103515625e-05,568.0094604492188,568.0095825195312,-0.0001220703125,509.7840270996094,u0_w_reg[3][15]/CLK,fall
u0_w_reg[2][5]/D,-84.65774536132812,-84.65780639648438,6.103515625e-05,555.651123046875,555.6511840820312,-6.103515625e-05,470.9933776855469,u0_w_reg[3][25]/CLK,fall
text_out_reg[43]/D,16.32562255859375,16.3255615234375,6.103515625e-05,531.377197265625,531.3771362304688,6.103515625e-05,547.7026977539062,sa20_reg[2]/CLK,rise
text_out_reg[35]/D,-257.8701171875,-257.87005615234375,-6.103515625e-05,553.4044799804688,553.4044799804688,0.0,295.534423828125,sa31_reg[7]/CLK,rise
sa11_reg[3]/D,16.17828369140625,16.17822265625,6.103515625e-05,497.25689697265625,497.25689697265625,0.0,513.4351196289062,text_in_r_reg[83]/CLK,rise
text_out_reg[77]/D,124.68475341796875,124.6846923828125,6.103515625e-05,397.2870178222656,397.28704833984375,-3.0517578125e-05,521.9717407226562,sa23_reg[0]/CLK,rise
u0_w_reg[0][19]/D,-258.4113464355469,-258.4112854003906,-6.103515625e-05,553.1461791992188,553.1463012695312,-0.0001220703125,294.7350158691406,u0_w_reg[3][15]/CLK,fall
u0_w_reg[1][17]/D,-83.49993896484375,-83.5,6.103515625e-05,543.9609375,543.9609985351562,-6.103515625e-05,460.46099853515625,u0_w_reg[3][15]/CLK,fall
u0_w_reg[1][24]/D,-266.78912353515625,-266.7891845703125,6.103515625e-05,579.11328125,579.1133422851562,-6.103515625e-05,312.32415771484375,u0_w_reg[3][16]/CLK,fall
text_out_reg[40]/D,-240.30111694335938,-240.30105590820312,-6.103515625e-05,536.62890625,536.6287841796875,0.0001220703125,296.3277282714844,sa20_reg[2]/CLK,rise
u0_w_reg[0][5]/D,-41.691314697265625,-41.691375732421875,6.103515625e-05,535.022705078125,535.0227661132812,-6.103515625e-05,493.3313903808594,u0_w_reg[3][25]/CLK,rise
sa00_reg[5]/D,-79.26885986328125,-79.268798828125,-6.103515625e-05,593.7373657226562,593.7371826171875,0.00018310546875,514.4683837890625,sa11_reg[7]/CLK,fall
sa20_reg[1]/D,344.31402587890625,344.31396484375,6.103515625e-05,150.74598693847656,150.74598693847656,0.0,495.0599670410156,u0_w_reg[0][9]/CLK,rise
u0_w_reg[0][11]/D,11.79693603515625,11.796875,6.103515625e-05,545.8880615234375,545.8881225585938,-6.103515625e-05,557.6849975585938,u0_w_reg[3][3]/CLK,rise
text_out_reg[101]/D,50.7103271484375,50.71026611328125,6.103515625e-05,464.339599609375,464.339599609375,0.0,515.0498657226562,sa33_reg[7]/CLK,rise
u0_w_reg[2][22]/D,-290.32843017578125,-290.3284912109375,6.103515625e-05,552.5439453125,552.5440673828125,-0.0001220703125,262.215576171875,u0_w_reg[3][15]/CLK,rise
text_out_reg[67]/D,13.599791526794434,13.5997314453125,6.008148193359375e-05,545.529296875,545.5293579101562,-6.103515625e-05,559.1290893554688,sa30_reg[7]/CLK,rise
text_out_reg[111]/D,0.9577329754829407,0.957763671875,-3.069639205932617e-05,482.5569152832031,482.55694580078125,-3.0517578125e-05,483.51470947265625,sa22_reg[3]/CLK,rise
u0_w_reg[1][15]/D,-48.98516845703125,-48.985198974609375,3.0517578125e-05,553.7677001953125,553.7676391601562,6.103515625e-05,504.7824401855469,u0_w_reg[3][3]/CLK,fall
text_out_reg[39]/D,-47.575408935546875,-47.575439453125,3.0517578125e-05,552.4136352539062,552.4136352539062,0.0,504.83819580078125,sa31_reg[7]/CLK,rise
text_out_reg[18]/D,-73.84408569335938,-73.8441162109375,3.0517578125e-05,556.2177124023438,556.2177734375,-6.103515625e-05,482.3736572265625,sa10_reg[1]/CLK,rise
sa00_reg[6]/D,18.248687744140625,18.2486572265625,3.0517578125e-05,420.4432373046875,420.4432067871094,3.0517578125e-05,438.6918640136719,text_in_r_reg[126]/CLK,rise
text_out_reg[29]/D,-30.687591552734375,-30.6876220703125,3.0517578125e-05,467.3033447265625,467.3034362792969,-9.1552734375e-05,436.6158142089844,sa03_reg[1]/CLK,rise
u0_w_reg[2][4]/D,-123.32257080078125,-123.32260131835938,3.0517578125e-05,567.8714599609375,567.8716430664062,-0.00018310546875,444.5490417480469,u0_w_reg[3][25]/CLK,fall
u0_w_reg[3][13]/D,-281.48321533203125,-281.4832458496094,3.0517578125e-05,562.5382080078125,562.5382080078125,0.0,281.0549621582031,u0_w_reg[3][3]/CLK,rise
sa01_reg[5]/D,57.28289794921875,57.282867431640625,3.0517578125e-05,427.15496826171875,427.1549377441406,3.0517578125e-05,484.43780517578125,u0_w_reg[1][29]/CLK,fall
sa21_reg[3]/D,47.95477294921875,47.954742431640625,3.0517578125e-05,431.853515625,431.853515625,0.0,479.8082580566406,text_in_r_reg[75]/CLK,rise
text_out_reg[30]/D,-56.26318359375,-56.263214111328125,3.0517578125e-05,469.25909423828125,469.2590637207031,3.0517578125e-05,412.995849609375,sa03_reg[1]/CLK,rise
u0_w_reg[1][2]/D,-232.22720336914062,-232.2271728515625,-3.0517578125e-05,562.886962890625,562.886962890625,0.0,330.6597900390625,u0_w_reg[3][25]/CLK,fall
sa11_reg[0]/D,-97.61074829101562,-97.61077880859375,3.0517578125e-05,585.9501953125,585.9501953125,0.0,488.33941650390625,sa12_reg[1]/CLK,rise
u0_w_reg[1][5]/D,-46.69061279296875,-46.690643310546875,3.0517578125e-05,557.5625,557.5625,0.0,510.8718566894531,u0_w_reg[3][29]/CLK,fall
u0_w_reg[0][16]/D,-113.01174926757812,-113.01177978515625,3.0517578125e-05,547.33349609375,547.3334350585938,6.103515625e-05,434.3216552734375,u0_w_reg[3][15]/CLK,fall
sa33_reg[0]/D,18.8975830078125,18.897552490234375,3.0517578125e-05,418.5403747558594,418.5404052734375,-3.0517578125e-05,437.4379577636719,text_in_r_reg[0]/CLK,fall
text_in_r_reg[74]/D,135.9215087890625,135.92153930664062,-3.0517578125e-05,476.9905090332031,476.9905090332031,0.0,612.9120483398438,text_in_r_reg[74]/CLK,rise
text_out_reg[20]/D,-59.300140380859375,-59.3001708984375,3.0517578125e-05,543.8598022460938,543.8598022460938,0.0,484.55963134765625,sa10_reg[1]/CLK,rise
u0_w_reg[1][8]/D,-225.08734130859375,-225.08737182617188,3.0517578125e-05,529.4020385742188,529.4020385742188,0.0,304.3146667480469,u0_w_reg[3][3]/CLK,rise
sa33_reg[6]/D,-124.32382202148438,-124.3238525390625,3.0517578125e-05,571.15283203125,571.1528930664062,-6.103515625e-05,446.82904052734375,sa10_reg[1]/CLK,rise
text_out_reg[42]/D,-22.195220947265625,-22.19525146484375,3.0517578125e-05,526.66796875,526.6679077148438,6.103515625e-05,504.47265625,sa20_reg[2]/CLK,rise
sa13_reg[5]/D,-136.65237426757812,-136.65240478515625,3.0517578125e-05,496.04962158203125,496.04962158203125,0.0,359.397216796875,text_in_r_reg[21]/CLK,fall
u0_w_reg[1][30]/D,-254.98516845703125,-254.98513793945312,-3.0517578125e-05,578.6007690429688,578.6006469726562,0.0001220703125,323.6155090332031,u0_w_reg[3][23]/CLK,fall
text_out_reg[23]/D,-76.10885620117188,-76.10888671875,3.0517578125e-05,548.8777465820312,548.8778076171875,-6.103515625e-05,472.7689208984375,sa10_reg[1]/CLK,rise
text_out_reg[28]/D,31.68243408203125,31.682403564453125,3.0517578125e-05,460.6106262207031,460.610595703125,3.0517578125e-05,492.2929992675781,sa03_reg[1]/CLK,rise
u0_w_reg[1][12]/D,-239.999267578125,-239.99929809570312,3.0517578125e-05,543.68798828125,543.68798828125,0.0,303.6886901855469,u0_w_reg[3][3]/CLK,rise
sa11_reg[1]/D,115.4886474609375,115.48861694335938,3.0517578125e-05,377.1783447265625,377.1783752441406,-3.0517578125e-05,492.6669921875,u0_w_reg[1][17]/CLK,rise
sa23_reg[5]/D,-257.1321716308594,-257.13214111328125,-3.0517578125e-05,503.88543701171875,503.88543701171875,0.0,246.75328063964844,text_in_r_reg[13]/CLK,fall
sa32_reg[4]/D,-67.91192626953125,-67.91189575195312,-3.0517578125e-05,343.813232421875,343.8132019042969,3.0517578125e-05,275.90130615234375,u0_w_reg[2][4]/CLK,rise
text_out_reg[54]/D,73.47332763671875,73.47329711914062,3.0517578125e-05,474.93756103515625,474.9375915527344,-3.0517578125e-05,548.410888671875,sa13_reg[1]/CLK,rise
sa33_reg[4]/D,-118.20086669921875,-118.20089721679688,3.0517578125e-05,486.66900634765625,486.6690368652344,-3.0517578125e-05,368.4681396484375,text_in_r_reg[4]/CLK,rise
text_out_reg[82]/D,-35.72454833984375,-35.724578857421875,3.0517578125e-05,540.5191650390625,540.5191650390625,0.0,504.7945861816406,sa12_reg[1]/CLK,rise
sa01_reg[4]/D,20.2713623046875,20.271331787109375,3.0517578125e-05,491.59014892578125,491.5901794433594,-3.0517578125e-05,511.86151123046875,text_in_r_reg[92]/CLK,rise
sa31_reg[1]/D,-0.40908798575401306,-0.4090576171875,-3.0368566513061523e-05,495.53155517578125,495.53155517578125,0.0,495.12249755859375,text_in_r_reg[65]/CLK,rise
text_in_r_reg[105]/D,178.8058624267578,178.80587768554688,-1.52587890625e-05,75.61519622802734,75.61519622802734,0.0,254.4210662841797,text_in_r_reg[105]/CLK,rise
sa23_reg[7]/D,-233.59715270996094,-233.59713745117188,-1.52587890625e-05,481.5400085449219,481.5400390625,-3.0517578125e-05,247.94290161132812,text_in_r_reg[15]/CLK,rise
text_out_reg[105]/D,-1.5901789665222168,-1.590179443359375,4.76837158203125e-07,484.35919189453125,484.3591613769531,3.0517578125e-05,482.76898193359375,sa22_reg[3]/CLK,rise
u0_w_reg[1][3]/D,-7.217833995819092,-7.21783447265625,4.76837158203125e-07,559.849853515625,559.8499755859375,-0.0001220703125,552.6321411132812,u0_w_reg[3][25]/CLK,rise
sa12_reg[3]/D,7.243529796600342,7.2435302734375,-4.76837158203125e-07,488.57415771484375,488.57415771484375,0.0,495.81768798828125,u0_w_reg[2][19]/CLK,rise
text_out_reg[59]/D,6.504639148712158,6.504638671875,4.76837158203125e-07,540.6226806640625,540.6226806640625,0.0,547.1273193359375,sa02_reg[1]/CLK,rise
text_out_reg[98]/D,-2.351562023162842,-2.3515625,4.76837158203125e-07,484.31597900390625,484.31597900390625,0.0,481.96441650390625,sa33_reg[1]/CLK,rise
sa21_reg[7]/D,5.364960193634033,5.364959716796875,4.76837158203125e-07,488.2227478027344,488.22271728515625,3.0517578125e-05,493.5876770019531,text_in_r_reg[79]/CLK,rise
u0_w_reg[0][8]/D,0.5649409890174866,0.56494140625,-4.172325134277344e-07,524.3993530273438,524.3992919921875,6.103515625e-05,524.9642333984375,u0_w_reg[3][7]/CLK,rise
text_out_reg[25]/D,0.08276399970054626,0.082763671875,3.2782554626464844e-07,482.7940673828125,482.79400634765625,6.103515625e-05,482.87677001953125,sa03_reg[1]/CLK,rise
text_out_reg[81]/D,-1.898987054824829,-1.89898681640625,-2.384185791015625e-07,543.37841796875,543.3784790039062,-6.103515625e-05,541.4794921875,sa12_reg[1]/CLK,rise
text_out_reg[103]/D,3.996062994003296,3.996063232421875,-2.384185791015625e-07,479.72991943359375,479.7298889160156,3.0517578125e-05,483.7259521484375,sa33_reg[6]/CLK,rise
sa20_reg[3]/D,1.496001958847046,1.496002197265625,-2.384185791015625e-07,495.6505126953125,495.6505432128906,-3.0517578125e-05,497.14654541015625,u0_w_reg[0][11]/CLK,rise
u0_w_reg[2][11]/D,-3.236694097518921,-3.2366943359375,2.384185791015625e-07,557.3768310546875,557.376953125,-0.0001220703125,554.1402587890625,u0_w_reg[3][3]/CLK,rise
text_out_reg[37]/D,-1.853760004043579,-1.853759765625,-2.384185791015625e-07,550.0573120117188,550.0572509765625,6.103515625e-05,548.2034912109375,sa31_reg[7]/CLK,rise
text_out_reg[85]/D,-2.864928960800171,-2.86492919921875,2.384185791015625e-07,542.3302001953125,542.3302001953125,0.0,539.4652709960938,sa12_reg[1]/CLK,rise
text_out_reg[57]/D,-0.10803200304508209,-0.1080322265625,2.2351741790771484e-07,527.746826171875,527.746826171875,0.0,527.6387939453125,sa02_reg[1]/CLK,rise
sa02_reg[1]/D,0.2974550127983093,0.297454833984375,1.7881393432617188e-07,496.64141845703125,496.6413879394531,3.0517578125e-05,496.9388427734375,text_in_r_reg[57]/CLK,rise
text_out_reg[27]/D,1.0379029512405396,1.03790283203125,1.1920928955078125e-07,470.55145263671875,470.551513671875,-6.103515625e-05,471.58941650390625,sa03_reg[1]/CLK,rise
sa30_reg[4]/D,-1.3721619844436646,-1.372161865234375,-1.1920928955078125e-07,485.47979736328125,485.4797668457031,3.0517578125e-05,484.10760498046875,text_in_r_reg[100]/CLK,rise
sa33_reg[5]/D,305.7047119140625,305.7047119140625,0.0,79.291748046875,79.291748046875,0.0,384.9964599609375,text_in_r_reg[5]/CLK,rise
sa13_reg[6]/D,-118.8240966796875,-118.8240966796875,0.0,498.8409423828125,498.8409423828125,0.0,380.016845703125,text_in_r_reg[22]/CLK,rise
text_in_r_reg[50]/D,169.66748046875,169.66748046875,0.0,89.6155014038086,89.6155014038086,0.0,259.2829895019531,text_in_r_reg[50]/CLK,rise
u0_w_reg[3][21]/D,-37.3494873046875,-37.3494873046875,0.0,562.7095947265625,562.7095336914062,6.103515625e-05,525.3600463867188,u0_w_reg[3][15]/CLK,rise
text_in_r_reg[4]/D,132.46624755859375,132.46624755859375,0.0,484.73358154296875,484.73358154296875,0.0,617.1998291015625,text_in_r_reg[4]/CLK,rise
sa02_reg[2]/D,-314.0279541015625,-314.0279541015625,0.0,584.3658447265625,584.3657836914062,6.103515625e-05,270.33782958984375,sa31_reg[7]/CLK,fall
text_out_reg[120]/D,-54.5140380859375,-54.5140380859375,0.0,541.5084228515625,541.5084228515625,0.0,486.994384765625,sa00_reg[1]/CLK,rise
text_out_reg[99]/D,54.62237548828125,54.62237548828125,0.0,482.61956787109375,482.61956787109375,0.0,537.241943359375,sa33_reg[7]/CLK,rise
text_out_reg[114]/D,-19.255859375,-19.255859375,0.0,550.8814086914062,550.88134765625,6.103515625e-05,531.62548828125,sa11_reg[7]/CLK,rise
sa10_reg[3]/D,23.666748046875,23.666748046875,0.0,485.013671875,485.013671875,0.0,508.680419921875,text_in_r_reg[115]/CLK,rise
text_out_reg[49]/D,71.63092041015625,71.63092041015625,0.0,472.02593994140625,472.02593994140625,0.0,543.6568603515625,sa13_reg[1]/CLK,rise
sa32_reg[3]/D,-163.81036376953125,-163.81036376953125,0.0,425.83270263671875,425.83270263671875,0.0,262.0223388671875,u0_w_reg[2][3]/CLK,rise
sa20_reg[6]/D,73.83847045898438,73.83847045898438,0.0,364.55047607421875,364.5505065917969,-3.0517578125e-05,438.38897705078125,u0_w_reg[0][14]/CLK,rise
u0_w_reg[1][28]/D,-78.41937255859375,-78.41937255859375,0.0,570.5945434570312,570.5946655273438,-0.0001220703125,492.17529296875,u0_w_reg[3][16]/CLK,fall
text_out_reg[9]/D,-127.12548828125,-127.12548828125,0.0,541.3388671875,541.3388671875,0.0,414.21337890625,sa21_reg[7]/CLK,rise
text_out_reg[6]/D,-60.8604736328125,-60.8604736328125,0.0,538.4723510742188,538.4722900390625,6.103515625e-05,477.61181640625,sa32_reg[7]/CLK,rise
sa10_reg[2]/D,14.050994873046875,14.050994873046875,0.0,420.67352294921875,420.6735534667969,-3.0517578125e-05,434.72454833984375,text_in_r_reg[114]/CLK,fall
text_in_r_reg[20]/D,166.68788146972656,166.68788146972656,0.0,94.30274963378906,94.30274963378906,0.0,260.9906311035156,text_in_r_reg[20]/CLK,rise
u0_w_reg[3][29]/D,-84.88739013671875,-84.88739013671875,0.0,590.8267822265625,590.8267822265625,0.0,505.93939208984375,u0_w_reg[3][16]/CLK,fall
u0_w_reg[3][2]/D,-127.66049194335938,-127.66049194335938,0.0,554.454345703125,554.4544677734375,-0.0001220703125,426.7939758300781,u0_w_reg[3][25]/CLK,fall
u0_r0_rcnt_reg[3]/D,-25.2576904296875,-25.2576904296875,0.0,591.8824462890625,591.8824462890625,0.0,566.624755859375,u0_r0_rcnt_reg[0]/CLK,rise
u0_w_reg[3][5]/D,-306.51513671875,-306.51513671875,0.0,563.3096313476562,563.3096313476562,0.0,256.79449462890625,u0_w_reg[3][29]/CLK,rise
u0_w_reg[1][1]/D,-96.9405517578125,-96.9405517578125,0.0,547.8927612304688,547.8927612304688,0.0,450.95220947265625,u0_w_reg[3][29]/CLK,fall
sa10_reg[0]/D,16.711639404296875,16.711639404296875,0.0,419.8759460449219,419.8759460449219,0.0,436.58758544921875,text_in_r_reg[112]/CLK,fall
sa02_reg[5]/D,-216.68170166015625,-216.68170166015625,0.0,476.8568115234375,476.8568420410156,-3.0517578125e-05,260.1751403808594,text_in_r_reg[61]/CLK,fall
text_in_r_reg[47]/D,140.30242919921875,140.30242919921875,0.0,475.35687255859375,475.35687255859375,0.0,615.6593017578125,text_in_r_reg[47]/CLK,rise
text_out_reg[5]/D,-144.34014892578125,-144.34014892578125,0.0,542.48388671875,542.4838256835938,6.103515625e-05,398.1436767578125,sa32_reg[7]/CLK,rise
sa31_reg[7]/D,78.27487182617188,78.27487182617188,0.0,441.9830627441406,441.9830627441406,0.0,520.2579345703125,u0_w_reg[1][7]/CLK,rise
dcnt_reg[2]/D,-39.5677490234375,-39.5677490234375,0.0,595.3629760742188,595.363037109375,-6.103515625e-05,555.7952880859375,dcnt_reg[0]/CLK,rise
text_in_r_reg[29]/D,178.47219848632812,178.47219848632812,0.0,78.62972259521484,78.62972259521484,0.0,257.1019287109375,text_in_r_reg[29]/CLK,rise
text_in_r_reg[0]/D,139.6527099609375,139.6527099609375,0.0,412.0616149902344,412.0616455078125,-3.0517578125e-05,551.71435546875,text_in_r_reg[0]/CLK,rise
sa20_reg[2]/D,78.686767578125,78.686767578125,0.0,428.04052734375,428.04052734375,0.0,506.727294921875,text_in_r_reg[106]/CLK,fall
text_in_r_reg[24]/D,176.2156982421875,176.2156982421875,0.0,80.87015533447266,80.87015533447266,0.0,257.0858459472656,text_in_r_reg[24]/CLK,rise
text_in_r_reg[58]/D,135.47689819335938,135.47689819335938,0.0,490.554931640625,490.5549621582031,-3.0517578125e-05,626.0318603515625,text_in_r_reg[58]/CLK,rise
sa22_reg[4]/D,-239.64727783203125,-239.64727783203125,0.0,495.32672119140625,495.32672119140625,0.0,255.679443359375,text_in_r_reg[44]/CLK,rise
u0_w_reg[2][3]/D,-43.04345703125,-43.04345703125,0.0,554.1629638671875,554.1630249023438,-6.103515625e-05,511.11956787109375,u0_w_reg[3][25]/CLK,fall
u0_w_reg[0][27]/D,11.31689453125,11.31689453125,0.0,543.4078979492188,543.4078369140625,6.103515625e-05,554.7247314453125,u0_w_reg[3][23]/CLK,rise
text_out_reg[75]/D,162.03250122070312,162.03250122070312,0.0,379.8802490234375,379.8802185058594,3.0517578125e-05,541.9127197265625,sa23_reg[0]/CLK,rise
sa13_reg[7]/D,-214.21939086914062,-214.21939086914062,0.0,480.5543212890625,480.5543212890625,0.0,266.3349304199219,text_in_r_reg[23]/CLK,rise
sa10_reg[6]/D,353.2453308105469,353.2453308105469,0.0,93.6354751586914,93.6354751586914,0.0,446.88079833984375,text_in_r_reg[118]/CLK,rise
text_out_reg[10]/D,-97.12628173828125,-97.12628173828125,0.0,533.2742309570312,533.2743530273438,-0.0001220703125,436.1480712890625,sa21_reg[1]/CLK,rise
text_out_reg[126]/D,-90.00933837890625,-90.00933837890625,0.0,559.1016235351562,559.1016235351562,0.0,469.09228515625,sa00_reg[1]/CLK,rise
text_out_reg[65]/D,-42.2574462890625,-42.2574462890625,0.0,547.7833862304688,547.7833862304688,0.0,505.52593994140625,sa30_reg[7]/CLK,rise
sa30_reg[2]/D,111.76547241210938,111.76547241210938,0.0,392.1704406738281,392.1704406738281,0.0,503.9359130859375,u0_w_reg[0][2]/CLK,fall
u0_w_reg[2][26]/D,-144.07479858398438,-144.07479858398438,0.0,580.77587890625,580.77587890625,0.0,436.7010803222656,u0_w_reg[3][16]/CLK,fall
text_out_reg[63]/D,31.82806396484375,31.82806396484375,0.0,515.0050659179688,515.0050659179688,0.0,546.8331298828125,sa02_reg[1]/CLK,rise
u0_w_reg[0][15]/D,-35.5894775390625,-35.5894775390625,0.0,530.1497802734375,530.1497192382812,6.103515625e-05,494.56024169921875,u0_w_reg[3][3]/CLK,rise
text_out_reg[38]/D,-26.043212890625,-26.043212890625,0.0,562.6685791015625,562.66845703125,0.0001220703125,536.625244140625,sa31_reg[7]/CLK,rise
text_in_r_reg[55]/D,158.85498046875,158.85498046875,0.0,104.01278686523438,104.01278686523438,0.0,262.8677673339844,text_in_r_reg[55]/CLK,rise
u0_w_reg[3][26]/D,-140.99151611328125,-140.99151611328125,0.0,585.0075073242188,585.007568359375,-6.103515625e-05,444.01605224609375,u0_w_reg[3][16]/CLK,fall
text_in_r_reg[69]/D,136.1104736328125,136.1104736328125,0.0,490.8074951171875,490.8074951171875,0.0,626.91796875,text_in_r_reg[69]/CLK,rise
text_in_r_reg[49]/D,141.19631958007812,141.19631958007812,0.0,484.4959411621094,484.4959411621094,0.0,625.6922607421875,text_in_r_reg[49]/CLK,rise
text_in_r_reg[102]/D,138.54660034179688,138.54660034179688,0.0,415.38201904296875,415.3820495605469,-3.0517578125e-05,553.9286499023438,text_in_r_reg[102]/CLK,rise
text_in_r_reg[98]/D,173.47149658203125,173.47149658203125,0.0,76.42288208007812,76.42288208007812,0.0,249.89437866210938,text_in_r_reg[98]/CLK,rise
sa00_reg[1]/D,20.28057861328125,20.28057861328125,0.0,486.82708740234375,486.82708740234375,0.0,507.107666015625,text_in_r_reg[121]/CLK,rise
sa22_reg[5]/D,154.20977783203125,154.20977783203125,0.0,90.8771743774414,90.8771743774414,0.0,245.08694458007812,text_in_r_reg[45]/CLK,fall
text_out_reg[51]/D,85.0145263671875,85.0145263671875,0.0,460.46124267578125,460.461181640625,6.103515625e-05,545.4757080078125,sa13_reg[1]/CLK,rise
text_in_r_reg[28]/D,133.01876831054688,133.01876831054688,0.0,480.33111572265625,480.3310852050781,3.0517578125e-05,613.349853515625,text_in_r_reg[28]/CLK,rise
sa31_reg[6]/D,-99.83837890625,-99.83837890625,0.0,586.039794921875,586.039794921875,0.0,486.201416015625,sa01_reg[1]/CLK,rise
u0_w_reg[0][25]/D,-77.76644897460938,-77.76644897460938,0.0,578.9027099609375,578.9027709960938,-6.103515625e-05,501.1363220214844,u0_w_reg[3][16]/CLK,fall
text_in_r_reg[91]/D,137.29718017578125,137.29718017578125,0.0,488.94775390625,488.94775390625,0.0,626.2449340820312,text_in_r_reg[91]/CLK,rise
u0_w_reg[0][3]/D,-37.79248046875,-37.79248046875,0.0,549.4527587890625,549.4528198242188,-6.103515625e-05,511.66033935546875,u0_w_reg[3][25]/CLK,fall
u0_w_reg[0][21]/D,12.4078369140625,12.4078369140625,0.0,539.9860229492188,539.9860229492188,0.0,552.3938598632812,u0_w_reg[3][15]/CLK,rise
sa12_reg[5]/D,15.15185546875,15.15185546875,0.0,494.96490478515625,494.9648742675781,3.0517578125e-05,510.1167297363281,text_in_r_reg[53]/CLK,fall
sa23_reg[1]/D,-130.90469360351562,-130.90469360351562,0.0,373.89422607421875,373.8942565917969,-3.0517578125e-05,242.98956298828125,u0_w_reg[3][9]/CLK,fall
text_in_r_reg[60]/D,163.19528198242188,163.19528198242188,0.0,99.6611328125,99.6611328125,0.0,262.8564147949219,text_in_r_reg[60]/CLK,rise
sa13_reg[1]/D,30.820037841796875,30.820037841796875,0.0,417.69219970703125,417.69219970703125,0.0,448.5122375488281,text_in_r_reg[17]/CLK,rise
u0_w_reg[2][27]/D,-56.59674072265625,-56.59674072265625,0.0,576.988525390625,576.9884643554688,6.103515625e-05,520.3917236328125,u0_w_reg[3][23]/CLK,fall
text_out_reg[41]/D,11.3277587890625,11.3277587890625,0.0,530.628662109375,530.628662109375,0.0,541.9564208984375,sa20_reg[4]/CLK,rise
text_in_r_reg[123]/D,133.428955078125,133.428955078125,0.0,478.1636962890625,478.1636962890625,0.0,611.5926513671875,text_in_r_reg[123]/CLK,rise
sa21_reg[6]/D,-164.128173828125,-164.128173828125,0.0,432.84423828125,432.84423828125,0.0,268.716064453125,text_in_r_reg[78]/CLK,rise
text_in_r_reg[112]/D,141.28225708007812,141.28225708007812,0.0,415.16131591796875,415.1613464355469,-3.0517578125e-05,556.443603515625,text_in_r_reg[112]/CLK,rise
text_out_reg[100]/D,56.073944091796875,56.073944091796875,0.0,475.1335144042969,475.1335144042969,0.0,531.2074584960938,sa33_reg[7]/CLK,rise
u0_w_reg[3][6]/D,-305.755859375,-305.755859375,0.0,555.8446655273438,555.8447875976562,-0.0001220703125,250.08892822265625,u0_w_reg[3][25]/CLK,rise
text_in_r_reg[32]/D,140.27487182617188,140.27487182617188,0.0,413.723876953125,413.7239074707031,-3.0517578125e-05,553.998779296875,text_in_r_reg[32]/CLK,rise
text_in_r_reg[40]/D,138.26516723632812,138.26516723632812,0.0,475.08648681640625,475.0864562988281,3.0517578125e-05,613.3516235351562,text_in_r_reg[40]/CLK,rise
text_in_r_reg[41]/D,179.48086547851562,179.48086547851562,0.0,70.39844512939453,70.39845275878906,-7.62939453125e-06,249.8793182373047,text_in_r_reg[41]/CLK,rise
text_in_r_reg[51]/D,140.04095458984375,140.04095458984375,0.0,473.77716064453125,473.77716064453125,0.0,613.818115234375,text_in_r_reg[51]/CLK,rise
u0_w_reg[0][7]/D,-46.0859375,-46.0859375,0.0,548.296875,548.2969360351562,-6.103515625e-05,502.21099853515625,u0_w_reg[3][25]/CLK,fall
text_in_r_reg[2]/D,179.88821411132812,179.88821411132812,0.0,77.15697479248047,77.15697479248047,0.0,257.0451965332031,text_in_r_reg[2]/CLK,rise
text_out_reg[56]/D,-226.29806518554688,-226.29806518554688,0.0,522.3603515625,522.3603515625,0.0,296.0622863769531,sa02_reg[1]/CLK,rise
sa21_reg[1]/D,23.612457275390625,23.612457275390625,0.0,473.7195129394531,473.7195129394531,0.0,497.33197021484375,text_in_r_reg[73]/CLK,rise
u0_w_reg[0][13]/D,-257.231201171875,-257.231201171875,0.0,535.9727783203125,535.9727172851562,6.103515625e-05,278.74151611328125,u0_w_reg[3][3]/CLK,fall
sa22_reg[1]/D,-111.23464965820312,-111.23464965820312,0.0,360.936279296875,360.936279296875,0.0,249.70162963867188,u0_w_reg[2][9]/CLK,rise
text_in_r_reg[42]/D,134.3255615234375,134.3255615234375,0.0,416.95166015625,416.95166015625,0.0,551.2772216796875,text_in_r_reg[42]/CLK,rise
text_in_r_reg[10]/D,183.7954559326172,183.7954559326172,0.0,65.54545593261719,65.54545593261719,0.0,249.34091186523438,text_in_r_reg[10]/CLK,rise
sa22_reg[2]/D,-10.54364013671875,-10.54364013671875,0.0,423.4161376953125,423.4161376953125,0.0,412.87249755859375,text_in_r_reg[42]/CLK,rise
u0_w_reg[2][23]/D,-62.90948486328125,-62.90948486328125,0.0,558.337890625,558.3379516601562,-6.103515625e-05,495.428466796875,u0_w_reg[3][15]/CLK,fall
text_in_r_reg[43]/D,135.8004150390625,135.8004150390625,0.0,487.74609375,487.74609375,0.0,623.5465087890625,text_in_r_reg[43]/CLK,rise
text_in_r_reg[18]/D,140.8935546875,140.8935546875,0.0,410.6066589355469,410.606689453125,-3.0517578125e-05,551.500244140625,text_in_r_reg[18]/CLK,rise
sa31_reg[3]/D,17.24005126953125,17.24005126953125,0.0,496.2353210449219,496.2353515625,-3.0517578125e-05,513.4754028320312,text_in_r_reg[67]/CLK,rise
sa22_reg[0]/D,-220.04745483398438,-220.04745483398438,0.0,479.92547607421875,479.9255065917969,-3.0517578125e-05,259.8780517578125,text_in_r_reg[40]/CLK,rise
text_out_reg[95]/D,22.3306884765625,22.3306884765625,0.0,537.3049926757812,537.3050537109375,-6.103515625e-05,559.6357421875,sa01_reg[1]/CLK,rise
text_in_r_reg[126]/D,138.081787109375,138.081787109375,0.0,414.91552734375,414.91552734375,0.0,552.997314453125,text_in_r_reg[126]/CLK,rise
sa12_reg[0]/D,-90.858642578125,-90.858642578125,0.0,584.1221313476562,584.1220703125,6.103515625e-05,493.263427734375,sa31_reg[7]/CLK,rise
sa10_reg[4]/D,266.72259521484375,266.72259521484375,0.0,180.8207550048828,180.8207550048828,0.0,447.5433654785156,u0_w_reg[0][20]/CLK,rise
u0_w_reg[1][27]/D,-57.21234130859375,-57.21234130859375,0.0,563.2412109375,563.2411499023438,6.103515625e-05,506.02880859375,u0_w_reg[3][23]/CLK,fall
text_in_r_reg[38]/D,138.05410766601562,138.05410766601562,0.0,413.5957946777344,413.5957946777344,0.0,551.64990234375,text_in_r_reg[38]/CLK,rise
u0_r0_out_reg[28]/D,-50.60833740234375,-50.60833740234375,0.0,618.7610473632812,618.7610473632812,0.0,568.1527099609375,u0_r0_rcnt_reg[0]/CLK,rise
u0_w_reg[2][20]/D,-81.029541015625,-81.029541015625,0.0,569.3785400390625,569.3785400390625,0.0,488.3489990234375,u0_w_reg[3][15]/CLK,fall
u0_w_reg[3][20]/D,-119.98980712890625,-119.98980712890625,0.0,557.676025390625,557.6760864257812,-6.103515625e-05,437.686279296875,u0_w_reg[3][15]/CLK,rise
sa01_reg[7]/D,24.82489013671875,24.82489013671875,0.0,486.3438720703125,486.3438720703125,0.0,511.16876220703125,text_in_r_reg[95]/CLK,rise
text_in_r_reg[101]/D,134.85928344726562,134.85928344726562,0.0,418.0667419433594,418.0667419433594,0.0,552.926025390625,text_in_r_reg[101]/CLK,rise
text_in_r_reg[76]/D,129.03219604492188,129.03219604492188,0.0,424.0860595703125,424.0860900878906,-3.0517578125e-05,553.1182861328125,text_in_r_reg[76]/CLK,rise
u0_w_reg[3][10]/D,-270.4444885253906,-270.4444885253906,0.0,551.7940673828125,551.794189453125,-0.0001220703125,281.3497009277344,u0_w_reg[3][3]/CLK,fall
text_in_r_reg[78]/D,135.98165893554688,135.98165893554688,0.0,417.49700927734375,417.4969787597656,3.0517578125e-05,553.4786376953125,text_in_r_reg[78]/CLK,rise
text_out_reg[109]/D,-64.0,-64.0,0.0,473.3115234375,473.31146240234375,6.103515625e-05,409.31146240234375,sa22_reg[3]/CLK,rise
u0_w_reg[1][23]/D,-42.00079345703125,-42.00079345703125,0.0,564.30908203125,564.3090209960938,6.103515625e-05,522.3082275390625,u0_w_reg[3][15]/CLK,fall
u0_w_reg[2][16]/D,-135.65374755859375,-135.65374755859375,0.0,566.2068481445312,566.2068481445312,0.0,430.5531005859375,u0_w_reg[3][15]/CLK,fall
text_in_r_reg[56]/D,130.04586791992188,130.04586791992188,0.0,422.11859130859375,422.1185607910156,3.0517578125e-05,552.1644287109375,text_in_r_reg[56]/CLK,rise
text_out_reg[96]/D,-10.068145751953125,-10.068145751953125,0.0,484.347412109375,484.3474426269531,-3.0517578125e-05,474.279296875,sa33_reg[7]/CLK,rise
text_in_r_reg[88]/D,134.184814453125,134.184814453125,0.0,479.78515625,479.78515625,0.0,613.969970703125,text_in_r_reg[88]/CLK,rise
text_out_reg[116]/D,-62.47320556640625,-62.47320556640625,0.0,548.1273193359375,548.1272583007812,6.103515625e-05,485.654052734375,sa11_reg[3]/CLK,rise
text_out_reg[61]/D,-246.4822998046875,-246.4822998046875,0.0,542.8811645507812,542.8812255859375,-6.103515625e-05,296.39892578125,sa02_reg[1]/CLK,rise
text_in_r_reg[87]/D,139.90060424804688,139.90060424804688,0.0,487.227294921875,487.2273254394531,-3.0517578125e-05,627.1279296875,text_in_r_reg[87]/CLK,rise
text_in_r_reg[57]/D,137.64443969726562,137.64443969726562,0.0,489.1260681152344,489.1260681152344,0.0,626.7705078125,text_in_r_reg[57]/CLK,rise
text_out_reg[123]/D,14.01904296875,14.01904296875,0.0,543.3761596679688,543.3760986328125,6.103515625e-05,557.3951416015625,sa00_reg[7]/CLK,rise
text_in_r_reg[97]/D,142.11080932617188,142.11080932617188,0.0,480.8228759765625,480.8229064941406,-3.0517578125e-05,622.9337158203125,text_in_r_reg[97]/CLK,rise
sa33_reg[1]/D,-53.71136474609375,-53.71136474609375,0.0,501.02471923828125,501.02471923828125,0.0,447.3133544921875,text_in_r_reg[1]/CLK,rise
dcnt_reg[0]/D,-39.6328125,-39.6328125,0.0,595.5831298828125,595.5830688476562,6.103515625e-05,555.9502563476562,dcnt_reg[1]/CLK,rise
text_out_reg[53]/D,-175.03793334960938,-175.03793334960938,0.0,470.21868896484375,470.21868896484375,0.0,295.1807556152344,sa13_reg[1]/CLK,rise
u0_w_reg[0][30]/D,-128.29583740234375,-128.29583740234375,0.0,572.0698852539062,572.0697631835938,0.0001220703125,443.77392578125,u0_w_reg[3][23]/CLK,fall
u0_w_reg[2][13]/D,-303.1129455566406,-303.1129455566406,0.0,555.7926025390625,555.7925415039062,6.103515625e-05,252.67959594726562,u0_w_reg[3][3]/CLK,fall
text_out_reg[64]/D,-31.0802001953125,-31.0802001953125,0.0,547.16650390625,547.1664428710938,6.103515625e-05,516.0862426757812,sa30_reg[7]/CLK,rise
text_in_r_reg[94]/D,175.59210205078125,175.59210205078125,0.0,79.58688354492188,79.58688354492188,0.0,255.17898559570312,text_in_r_reg[94]/CLK,rise
text_out_reg[14]/D,-114.69744873046875,-114.69744873046875,0.0,357.6173400878906,357.6173400878906,0.0,242.91989135742188,u0_w_reg[3][14]/CLK,fall
u0_w_reg[1][31]/D,-65.69329833984375,-65.69329833984375,0.0,572.7728271484375,572.77294921875,-0.0001220703125,507.07965087890625,u0_w_reg[3][16]/CLK,fall
text_out_reg[4]/D,-122.51800537109375,-122.51800537109375,0.0,536.33642578125,536.3363647460938,6.103515625e-05,413.818359375,sa32_reg[1]/CLK,rise
u0_r0_out_reg[31]/D,-33.1297607421875,-33.1297607421875,0.0,607.6292724609375,607.6292724609375,0.0,574.49951171875,u0_r0_rcnt_reg[0]/CLK,rise
dcnt_reg[3]/D,-37.5836181640625,-37.5836181640625,0.0,599.0369262695312,599.0369873046875,-6.103515625e-05,561.453369140625,dcnt_reg[0]/CLK,rise
sa23_reg[2]/D,96.24163818359375,96.24163818359375,0.0,151.27392578125,151.27392578125,0.0,247.51556396484375,u0_w_reg[3][10]/CLK,rise
sa13_reg[3]/D,-187.26473999023438,-187.26473999023438,0.0,496.1431884765625,496.1431884765625,0.0,308.8784484863281,text_in_r_reg[19]/CLK,rise
u0_w_reg[1][13]/D,-271.9471435546875,-271.9471435546875,0.0,544.4918212890625,544.4917602539062,6.103515625e-05,272.54461669921875,u0_w_reg[3][3]/CLK,fall
text_in_r_reg[92]/D,138.73297119140625,138.73297119140625,0.0,486.735595703125,486.735595703125,0.0,625.4685668945312,text_in_r_reg[92]/CLK,rise
u0_w_reg[1][20]/D,-64.36767578125,-64.36767578125,0.0,552.8353881835938,552.8353881835938,0.0,488.46771240234375,u0_w_reg[3][15]/CLK,rise
u0_w_reg[3][0]/D,-137.54412841796875,-137.54412841796875,0.0,559.6787109375,559.6787719726562,-6.103515625e-05,422.1346435546875,u0_w_reg[3][29]/CLK,rise
u0_w_reg[1][26]/D,-145.44583129882812,-145.44583129882812,0.0,579.763427734375,579.7633666992188,6.103515625e-05,434.3175354003906,u0_w_reg[3][16]/CLK,fall
text_in_r_reg[5]/D,180.73544311523438,180.73544311523438,0.0,76.37330627441406,76.37329864501953,7.62939453125e-06,257.1087341308594,text_in_r_reg[5]/CLK,rise
u0_w_reg[0][1]/D,-101.89642333984375,-101.89642333984375,0.0,551.1206665039062,551.1207275390625,-6.103515625e-05,449.22430419921875,u0_w_reg[3][29]/CLK,fall
sa12_reg[4]/D,63.044647216796875,63.044647216796875,0.0,434.69091796875,434.6908874511719,3.0517578125e-05,497.73553466796875,text_in_r_reg[52]/CLK,rise
text_out_reg[62]/D,-231.34365844726562,-231.34365844726562,0.0,527.5518798828125,527.5518188476562,6.103515625e-05,296.2081604003906,sa02_reg[1]/CLK,rise
text_in_r_reg[83]/D,136.45541381835938,136.45541381835938,0.0,491.62811279296875,491.6280822753906,3.0517578125e-05,628.08349609375,text_in_r_reg[83]/CLK,rise
text_in_r_reg[95]/D,132.96728515625,132.96728515625,0.0,480.8175048828125,480.8175048828125,0.0,613.7847900390625,text_in_r_reg[95]/CLK,rise
text_out_reg[12]/D,-112.44952392578125,-112.44952392578125,0.0,532.0574951171875,532.0574951171875,0.0,419.60797119140625,sa21_reg[7]/CLK,rise
sa30_reg[1]/D,16.73077392578125,16.73077392578125,0.0,484.1807861328125,484.1807861328125,0.0,500.91156005859375,text_in_r_reg[97]/CLK,rise
sa11_reg[4]/D,19.494903564453125,19.494903564453125,0.0,494.7736511230469,494.7736511230469,0.0,514.2685546875,text_in_r_reg[84]/CLK,rise
u0_w_reg[3][31]/D,-131.4071044921875,-131.4071044921875,0.0,568.8773193359375,568.87744140625,-0.0001220703125,437.4703369140625,u0_w_reg[3][16]/CLK,rise
sa30_reg[3]/D,15.523529052734375,15.523529052734375,0.0,484.38311767578125,484.3830871582031,3.0517578125e-05,499.9066162109375,text_in_r_reg[99]/CLK,rise
text_out_reg[66]/D,-206.681640625,-206.681640625,0.0,545.4388427734375,545.4387817382812,6.103515625e-05,338.75714111328125,sa30_reg[7]/CLK,rise
u0_w_reg[3][22]/D,-306.0652770996094,-306.0652770996094,0.0,555.0213623046875,555.0213623046875,0.0,248.95608520507812,u0_w_reg[3][15]/CLK,rise
u0_w_reg[1][7]/D,-40.4544677734375,-40.4544677734375,0.0,561.7532958984375,561.7532958984375,0.0,521.298828125,u0_w_reg[3][25]/CLK,fall
text_out_reg[34]/D,-36.05877685546875,-36.05877685546875,0.0,540.384765625,540.3847045898438,6.103515625e-05,504.325927734375,sa31_reg[7]/CLK,rise
text_in_r_reg[121]/D,141.14682006835938,141.14682006835938,0.0,483.55999755859375,483.5600280761719,-3.0517578125e-05,624.7068481445312,text_in_r_reg[121]/CLK,rise
text_in_r_reg[108]/D,141.30947875976562,141.30947875976562,0.0,479.3481140136719,479.3481140136719,0.0,620.6575927734375,text_in_r_reg[108]/CLK,rise
text_in_r_reg[82]/D,131.18112182617188,131.18112182617188,0.0,422.0194091796875,422.0194396972656,-3.0517578125e-05,553.2005615234375,text_in_r_reg[82]/CLK,rise
text_in_r_reg[31]/D,129.441650390625,129.441650390625,0.0,484.14605712890625,484.14605712890625,0.0,613.5877075195312,text_in_r_reg[31]/CLK,rise
u0_w_reg[0][31]/D,15.334716796875,15.334716796875,0.0,553.8641967773438,553.8642578125,-6.103515625e-05,569.198974609375,u0_w_reg[3][16]/CLK,rise
sa23_reg[6]/D,-138.8143310546875,-138.8143310546875,0.0,376.4552001953125,376.4552001953125,0.0,237.640869140625,u0_w_reg[3][14]/CLK,rise
sa01_reg[2]/D,69.20181274414062,69.20181274414062,0.0,434.7846984863281,434.7846984863281,0.0,503.98651123046875,text_in_r_reg[90]/CLK,rise
text_in_r_reg[124]/D,172.8494415283203,172.8494415283203,0.0,84.10597229003906,84.10597229003906,0.0,256.9554138183594,text_in_r_reg[124]/CLK,rise
text_out_reg[90]/D,-23.36676025390625,-23.36676025390625,0.0,551.5979614257812,551.5979614257812,0.0,528.231201171875,sa01_reg[1]/CLK,rise
u0_w_reg[3][3]/D,-73.39154052734375,-73.39154052734375,0.0,554.7981567382812,554.7982177734375,-6.103515625e-05,481.40667724609375,u0_w_reg[3][25]/CLK,rise
text_in_r_reg[100]/D,133.10781860351562,133.10781860351562,0.0,479.5841064453125,479.5840759277344,3.0517578125e-05,612.69189453125,text_in_r_reg[100]/CLK,rise
u0_w_reg[2][10]/D,-92.9742431640625,-92.9742431640625,0.0,540.39013671875,540.3901977539062,-6.103515625e-05,447.41595458984375,u0_w_reg[3][3]/CLK,fall
text_out_reg[26]/D,20.131256103515625,20.131256103515625,0.0,455.42919921875,455.4291687011719,3.0517578125e-05,475.5604248046875,sa03_reg[1]/CLK,rise
sa33_reg[7]/D,-47.39141845703125,-47.39141845703125,0.0,505.57159423828125,505.57159423828125,0.0,458.18017578125,text_in_r_reg[7]/CLK,rise
text_out_reg[83]/D,23.82061767578125,23.82061767578125,0.0,535.914306640625,535.914306640625,0.0,559.7349243164062,sa12_reg[1]/CLK,rise
u0_w_reg[0][26]/D,-50.247314453125,-50.247314453125,0.0,570.8745727539062,570.8745727539062,0.0,520.6272583007812,u0_w_reg[3][16]/CLK,fall
text_in_r_reg[110]/D,173.81187438964844,173.81187438964844,0.0,83.06269836425781,83.06269836425781,0.0,256.87457275390625,text_in_r_reg[110]/CLK,rise
sa23_reg[0]/D,-89.50045776367188,-89.50045776367188,0.0,493.08270263671875,493.0827331542969,-3.0517578125e-05,403.582275390625,text_in_r_reg[8]/CLK,rise
text_in_r_reg[27]/D,131.67947387695312,131.67947387695312,0.0,493.08123779296875,493.0812683105469,-3.0517578125e-05,624.7607421875,text_in_r_reg[27]/CLK,rise
text_in_r_reg[118]/D,178.5850830078125,178.5850830078125,0.0,78.1103286743164,78.1103286743164,0.0,256.6954040527344,text_in_r_reg[118]/CLK,rise
text_in_r_reg[104]/D,137.205078125,137.205078125,0.0,475.24853515625,475.24853515625,0.0,612.45361328125,text_in_r_reg[104]/CLK,rise
u0_w_reg[3][27]/D,-235.51507568359375,-235.51507568359375,0.0,561.96826171875,561.9681396484375,0.0001220703125,326.45306396484375,u0_w_reg[3][23]/CLK,rise
text_out_reg[117]/D,-41.53717041015625,-41.53717041015625,0.0,551.9442138671875,551.9441528320312,6.103515625e-05,510.406982421875,sa11_reg[7]/CLK,rise
text_in_r_reg[125]/D,172.07159423828125,172.07159423828125,0.0,84.72705841064453,84.72705078125,7.62939453125e-06,256.79864501953125,text_in_r_reg[125]/CLK,rise
text_in_r_reg[12]/D,135.52993774414062,135.52993774414062,0.0,415.53619384765625,415.5361633300781,3.0517578125e-05,551.0661010742188,text_in_r_reg[12]/CLK,rise
text_out_reg[1]/D,-71.63241577148438,-71.63241577148438,0.0,540.2691650390625,540.2691040039062,6.103515625e-05,468.6366882324219,sa32_reg[7]/CLK,rise
text_out_reg[88]/D,18.57415771484375,18.57415771484375,0.0,540.4990234375,540.4990234375,0.0,559.0731811523438,sa01_reg[1]/CLK,rise
text_in_r_reg[115]/D,142.0498046875,142.0498046875,0.0,480.16650390625,480.16650390625,0.0,622.21630859375,text_in_r_reg[115]/CLK,rise
text_out_reg[113]/D,-11.858154296875,-11.858154296875,0.0,543.60986328125,543.6099853515625,-0.0001220703125,531.7518310546875,sa11_reg[3]/CLK,rise
text_in_r_reg[21]/D,142.26953125,142.26953125,0.0,481.76336669921875,481.76336669921875,0.0,624.0328979492188,text_in_r_reg[21]/CLK,rise
text_out_reg[112]/D,-57.303863525390625,-57.303863525390625,0.0,543.233154296875,543.233154296875,0.0,485.9292907714844,sa11_reg[4]/CLK,rise
text_in_r_reg[96]/D,138.54638671875,138.54638671875,0.0,416.019775390625,416.019775390625,0.0,554.566162109375,text_in_r_reg[96]/CLK,rise
text_in_r_reg[13]/D,131.44772338867188,131.44772338867188,0.0,496.3373107910156,496.3373107910156,0.0,627.7850341796875,text_in_r_reg[13]/CLK,rise
u0_w_reg[0][29]/D,9.7430419921875,9.7430419921875,0.0,552.1837158203125,552.1837768554688,-6.103515625e-05,561.9268188476562,u0_w_reg[3][16]/CLK,rise
text_in_r_reg[90]/D,136.16845703125,136.16845703125,0.0,418.1180419921875,418.1180419921875,0.0,554.2864990234375,text_in_r_reg[90]/CLK,rise
sa13_reg[4]/D,-157.5233917236328,-157.5233917236328,0.0,409.8414001464844,409.8414611816406,-6.103515625e-05,252.3180694580078,u0_w_reg[3][20]/CLK,rise
u0_w_reg[3][30]/D,-132.3446044921875,-132.3446044921875,0.0,565.71142578125,565.7112426757812,0.00018310546875,433.36663818359375,u0_w_reg[3][23]/CLK,rise
u0_w_reg[1][18]/D,-185.5042724609375,-185.5042724609375,0.0,555.2279052734375,555.2279663085938,-6.103515625e-05,369.72369384765625,u0_w_reg[3][15]/CLK,rise
text_out_reg[74]/D,-103.8707275390625,-103.8707275390625,0.0,398.5675354003906,398.5675354003906,0.0,294.6968078613281,sa23_reg[0]/CLK,rise
sa00_reg[7]/D,6.2518310546875,6.2518310546875,0.0,500.8472900390625,500.8472900390625,0.0,507.09912109375,u0_w_reg[0][31]/CLK,rise
u0_w_reg[2][31]/D,-80.02581787109375,-80.02581787109375,0.0,586.040283203125,586.040283203125,0.0,506.01446533203125,u0_w_reg[3][16]/CLK,fall
text_in_r_reg[26]/D,141.23818969726562,141.23818969726562,0.0,409.5472717285156,409.5472717285156,0.0,550.7854614257812,text_in_r_reg[26]/CLK,rise
u0_w_reg[0][4]/D,-77.84759521484375,-77.84759521484375,0.0,536.8362426757812,536.8363037109375,-6.103515625e-05,458.98870849609375,u0_w_reg[3][25]/CLK,fall
text_in_r_reg[23]/D,141.75479125976562,141.75479125976562,0.0,471.7387390136719,471.7387390136719,0.0,613.4935302734375,text_in_r_reg[23]/CLK,rise
sa10_reg[5]/D,-156.79217529296875,-156.79217529296875,0.0,599.7155151367188,599.7154541015625,6.103515625e-05,442.92327880859375,sa11_reg[3]/CLK,fall
text_out_reg[36]/D,-266.2153625488281,-266.2153625488281,0.0,560.7877197265625,560.7877197265625,0.0,294.5723571777344,sa31_reg[7]/CLK,rise
text_in_r_reg[111]/D,135.890625,135.890625,0.0,477.27264404296875,477.27264404296875,0.0,613.1632690429688,text_in_r_reg[111]/CLK,rise
text_in_r_reg[44]/D,131.49185180664062,131.49185180664062,0.0,488.1591491699219,488.1591491699219,0.0,619.6510009765625,text_in_r_reg[44]/CLK,rise
text_in_r_reg[68]/D,156.3714599609375,156.3714599609375,0.0,108.48607635498047,108.48607635498047,0.0,264.8575439453125,text_in_r_reg[68]/CLK,rise
text_in_r_reg[93]/D,146.8603057861328,146.8603057861328,0.0,129.22128295898438,129.22129821777344,-1.52587890625e-05,276.08160400390625,text_in_r_reg[93]/CLK,rise
text_in_r_reg[86]/D,157.10867309570312,157.10867309570312,0.0,105.76502227783203,105.76502227783203,0.0,262.8736877441406,text_in_r_reg[86]/CLK,rise
sa20_reg[0]/D,13.6392822265625,13.6392822265625,0.0,482.75286865234375,482.75286865234375,0.0,496.39215087890625,text_in_r_reg[104]/CLK,rise
sa30_reg[0]/D,18.83831787109375,18.83831787109375,0.0,420.85906982421875,420.85906982421875,0.0,439.6973876953125,text_in_r_reg[96]/CLK,rise
text_in_r_reg[39]/D,141.12203979492188,141.12203979492188,0.0,479.9652099609375,479.9652404785156,-3.0517578125e-05,621.0872802734375,text_in_r_reg[39]/CLK,rise
text_out_reg[78]/D,146.22906494140625,146.22906494140625,0.0,379.4051513671875,379.40521240234375,-6.103515625e-05,525.63427734375,sa23_reg[0]/CLK,rise
text_out_reg[24]/D,7.749114990234375,7.749114990234375,0.0,463.3110046386719,463.3109436035156,6.103515625e-05,471.06005859375,sa03_reg[6]/CLK,rise
text_out_reg[44]/D,-237.45303344726562,-237.45303344726562,0.0,532.7650756835938,532.7650756835938,0.0,295.3120422363281,sa20_reg[4]/CLK,rise
sa03_reg[0]/D,-140.68399047851562,-140.68399047851562,0.0,589.8822631835938,589.88232421875,-6.103515625e-05,449.1983337402344,sa10_reg[1]/CLK,fall
text_out_reg[93]/D,26.38885498046875,26.38885498046875,0.0,533.9886474609375,533.9885864257812,6.103515625e-05,560.37744140625,sa01_reg[1]/CLK,rise
text_out_reg[13]/D,-238.50140380859375,-238.50140380859375,0.0,517.9755859375,517.9755249023438,6.103515625e-05,279.47412109375,sa21_reg[1]/CLK,rise
text_in_r_reg[117]/D,140.59628295898438,140.59628295898438,0.0,482.603271484375,482.6033020019531,-3.0517578125e-05,623.1995849609375,text_in_r_reg[117]/CLK,rise
sa13_reg[0]/D,-296.1477966308594,-296.1477966308594,0.0,571.6148681640625,571.6148681640625,0.0,275.4670715332031,sa21_reg[1]/CLK,rise
text_out_reg[118]/D,-40.443603515625,-40.443603515625,0.0,555.7377319335938,555.7377319335938,0.0,515.2941284179688,sa11_reg[7]/CLK,rise
text_out_reg[102]/D,16.349395751953125,16.349395751953125,0.0,468.5036315917969,468.503662109375,-3.0517578125e-05,484.8530578613281,sa33_reg[7]/CLK,rise
sa10_reg[7]/D,-42.48883056640625,-42.48883056640625,0.0,493.70025634765625,493.7002868652344,-3.0517578125e-05,451.2114562988281,text_in_r_reg[119]/CLK,rise
text_in_r_reg[7]/D,133.90615844726562,133.90615844726562,0.0,490.6805419921875,490.6805725097656,-3.0517578125e-05,624.5867309570312,text_in_r_reg[7]/CLK,rise
u0_r0_out_reg[27]/D,-36.78814697265625,-36.78814697265625,0.0,606.965576171875,606.965576171875,0.0,570.1774291992188,u0_r0_rcnt_reg[0]/CLK,rise
text_out_reg[86]/D,-21.1629638671875,-21.1629638671875,0.0,553.262451171875,553.2625122070312,-6.103515625e-05,532.0995483398438,sa12_reg[1]/CLK,rise
text_in_r_reg[30]/D,142.10232543945312,142.10232543945312,0.0,409.65814208984375,409.6581726074219,-3.0517578125e-05,551.760498046875,text_in_r_reg[30]/CLK,rise
u0_w_reg[0][23]/D,-46.84649658203125,-46.84649658203125,0.0,553.8953857421875,553.8953857421875,0.0,507.04888916015625,u0_w_reg[3][15]/CLK,fall
u0_w_reg[3][14]/D,-99.20440673828125,-99.20440673828125,0.0,539.5518188476562,539.5518188476562,0.0,440.347412109375,u0_w_reg[3][7]/CLK,rise
sa00_reg[4]/D,-9.465728759765625,-9.465728759765625,0.0,445.7695007324219,445.76947021484375,3.0517578125e-05,436.3037414550781,u0_w_reg[0][28]/CLK,rise
sa03_reg[1]/D,11.76019287109375,11.76019287109375,0.0,434.66302490234375,434.6630859375,-6.103515625e-05,446.42327880859375,u0_w_reg[3][25]/CLK,rise
sa00_reg[2]/D,-87.22235107421875,-87.22235107421875,0.0,599.4867553710938,599.4867553710938,0.0,512.264404296875,sa11_reg[3]/CLK,fall
text_in_r_reg[75]/D,131.43295288085938,131.43295288085938,0.0,423.4767150878906,423.4767150878906,0.0,554.90966796875,text_in_r_reg[75]/CLK,rise
u0_w_reg[2][18]/D,-296.8879699707031,-296.8879699707031,0.0,564.3755493164062,564.37548828125,6.103515625e-05,267.4875183105469,u0_w_reg[3][15]/CLK,fall
sa31_reg[5]/D,-9.435821533203125,-9.435821533203125,0.0,498.4630126953125,498.4630432128906,-3.0517578125e-05,489.0272216796875,text_in_r_reg[69]/CLK,fall
sa23_reg[3]/D,-212.4796142578125,-212.4796142578125,0.0,482.5626220703125,482.5626220703125,0.0,270.0830078125,text_in_r_reg[11]/CLK,rise
text_in_r_reg[109]/D,169.7742919921875,169.7742919921875,0.0,89.41744232177734,89.41744232177734,0.0,259.1917419433594,text_in_r_reg[109]/CLK,rise
text_out_reg[15]/D,-123.34597778320312,-123.34597778320312,0.0,509.88690185546875,509.88690185546875,0.0,386.5409240722656,sa21_reg[7]/CLK,rise
text_out_reg[106]/D,-34.01177978515625,-34.01177978515625,0.0,495.314697265625,495.31475830078125,-6.103515625e-05,461.302978515625,sa22_reg[3]/CLK,rise
sa02_reg[0]/D,-170.84033203125,-170.84033203125,0.0,431.0096435546875,431.0096435546875,0.0,260.1693115234375,text_in_r_reg[56]/CLK,rise
text_in_r_reg[103]/D,143.2862548828125,143.2862548828125,0.0,482.39996337890625,482.39996337890625,0.0,625.6862182617188,text_in_r_reg[103]/CLK,rise
text_in_r_reg[113]/D,135.78067016601562,135.78067016601562,0.0,475.8956604003906,475.8956604003906,0.0,611.6763305664062,text_in_r_reg[113]/CLK,rise
text_in_r_reg[45]/D,175.18869018554688,175.18869018554688,0.0,84.90483856201172,84.90483856201172,0.0,260.0935363769531,text_in_r_reg[45]/CLK,rise
text_out_reg[17]/D,-56.68939208984375,-56.68939208984375,0.0,543.277099609375,543.277099609375,0.0,486.58770751953125,sa10_reg[3]/CLK,rise
text_out_reg[33]/D,-28.35064697265625,-28.35064697265625,0.0,554.2481079101562,554.2481079101562,0.0,525.8974609375,sa31_reg[7]/CLK,rise
text_out_reg[58]/D,-230.37435913085938,-230.37435913085938,0.0,525.767822265625,525.7678833007812,-6.103515625e-05,295.3935241699219,sa02_reg[1]/CLK,rise
text_out_reg[72]/D,129.8651123046875,129.8651123046875,0.0,401.80072021484375,401.80072021484375,0.0,531.6658325195312,sa23_reg[0]/CLK,rise
text_in_r_reg[127]/D,141.52435302734375,141.52435302734375,0.0,483.5285339355469,483.528564453125,-3.0517578125e-05,625.0529174804688,text_in_r_reg[127]/CLK,rise
u0_w_reg[1][11]/D,-54.474517822265625,-54.474517822265625,0.0,561.729736328125,561.7297973632812,-6.103515625e-05,507.2552795410156,u0_w_reg[3][3]/CLK,fall
u0_w_reg[1][29]/D,-58.29864501953125,-58.29864501953125,0.0,572.995849609375,572.995849609375,0.0,514.6972045898438,u0_w_reg[3][16]/CLK,fall
text_out_reg[46]/D,-226.68569946289062,-226.68569946289062,0.0,522.6465454101562,522.6465454101562,0.0,295.9608459472656,sa20_reg[4]/CLK,rise
text_in_r_reg[116]/D,179.34725952148438,179.34725952148438,0.0,75.8253173828125,75.8253173828125,0.0,255.17257690429688,text_in_r_reg[116]/CLK,rise
sa31_reg[2]/D,-85.65313720703125,-85.65313720703125,0.0,600.3753662109375,600.375244140625,0.0001220703125,514.7221069335938,sa01_reg[1]/CLK,fall
sa11_reg[2]/D,65.23052978515625,65.23052978515625,0.0,438.7232971191406,438.72332763671875,-3.0517578125e-05,503.953857421875,text_in_r_reg[82]/CLK,rise
text_out_reg[8]/D,-77.35964965820312,-77.35964965820312,0.0,523.4786376953125,523.4786376953125,0.0,446.1189880371094,sa21_reg[1]/CLK,rise
sa11_reg[7]/D,20.9697265625,20.9697265625,0.0,493.0980529785156,493.0980224609375,3.0517578125e-05,514.0677490234375,text_in_r_reg[87]/CLK,rise
text_in_r_reg[77]/D,141.89901733398438,141.89901733398438,0.0,472.7989807128906,472.7989807128906,0.0,614.697998046875,text_in_r_reg[77]/CLK,rise
sa02_reg[7]/D,-213.14959716796875,-213.14959716796875,0.0,474.81182861328125,474.81182861328125,0.0,261.6622314453125,text_in_r_reg[63]/CLK,rise
text_in_r_reg[89]/D,156.40084838867188,156.40084838867188,0.0,107.41604614257812,107.41604614257812,0.0,263.81689453125,text_in_r_reg[89]/CLK,rise
u0_w_reg[2][0]/D,-136.33538818359375,-136.33538818359375,0.0,569.9296875,569.9296264648438,6.103515625e-05,433.59423828125,u0_w_reg[3][29]/CLK,fall
u0_w_reg[0][2]/D,-64.16424560546875,-64.16424560546875,0.0,541.245849609375,541.245849609375,0.0,477.08160400390625,u0_w_reg[3][25]/CLK,rise
sa33_reg[2]/D,-205.91705322265625,-205.91705322265625,0.0,579.8798828125,579.8798828125,0.0,373.96282958984375,sa10_reg[1]/CLK,fall
text_out_reg[122]/D,11.12261962890625,11.12261962890625,0.0,545.3154296875,545.3154907226562,-6.103515625e-05,556.4381103515625,sa00_reg[1]/CLK,rise
text_in_r_reg[19]/D,137.92141723632812,137.92141723632812,0.0,486.23687744140625,486.2369079589844,-3.0517578125e-05,624.1583251953125,text_in_r_reg[19]/CLK,rise
text_in_r_reg[52]/D,130.57061767578125,130.57061767578125,0.0,422.48883056640625,422.48883056640625,0.0,553.0594482421875,text_in_r_reg[52]/CLK,rise
u0_w_reg[2][9]/D,-93.69964599609375,-93.69964599609375,0.0,552.5685424804688,552.5685424804688,0.0,458.868896484375,u0_w_reg[3][3]/CLK,fall
text_in_r_reg[25]/D,173.84445190429688,173.84445190429688,0.0,83.22705078125,83.22705841064453,-7.62939453125e-06,257.0715026855469,text_in_r_reg[25]/CLK,rise
u0_w_reg[2][30]/D,-135.18618774414062,-135.18618774414062,0.0,577.346923828125,577.3468017578125,0.0001220703125,442.1606140136719,u0_w_reg[3][23]/CLK,rise
text_in_r_reg[61]/D,143.52227783203125,143.52227783203125,0.0,471.88751220703125,471.88751220703125,0.0,615.4097900390625,text_in_r_reg[61]/CLK,rise
sa01_reg[1]/D,32.96728515625,32.96728515625,0.0,487.4499206542969,487.449951171875,-3.0517578125e-05,520.417236328125,u0_w_reg[1][25]/CLK,rise
sa23_reg[4]/D,-49.561981201171875,-49.561981201171875,0.0,418.0808410644531,418.0808410644531,0.0,368.51885986328125,text_in_r_reg[12]/CLK,rise
sa33_reg[3]/D,-68.79638671875,-68.79638671875,0.0,499.515869140625,499.515869140625,0.0,430.719482421875,text_in_r_reg[3]/CLK,rise
u0_w_reg[2][28]/D,-143.18081665039062,-143.18081665039062,0.0,577.6448974609375,577.64501953125,-0.0001220703125,434.4642028808594,u0_w_reg[3][16]/CLK,fall
u0_r0_rcnt_reg[2]/D,10.2418212890625,10.2418212890625,0.0,563.8521728515625,563.8521728515625,0.0,574.093994140625,u0_r0_rcnt_reg[0]/CLK,rise
text_in_r_reg[48]/D,130.25302124023438,130.25302124023438,0.0,421.5265808105469,421.5265808105469,0.0,551.7796020507812,text_in_r_reg[48]/CLK,rise
text_in_r_reg[34]/D,137.17721557617188,137.17721557617188,0.0,486.72454833984375,486.7245788574219,-3.0517578125e-05,623.9017944335938,text_in_r_reg[34]/CLK,rise
text_in_r_reg[3]/D,133.15078735351562,133.15078735351562,0.0,491.5575866699219,491.5575866699219,0.0,624.7083740234375,text_in_r_reg[3]/CLK,rise
text_in_r_reg[81]/D,159.56124877929688,159.56124877929688,0.0,103.22380828857422,103.22380828857422,0.0,262.7850646972656,text_in_r_reg[81]/CLK,rise
text_out_reg[73]/D,-102.46438598632812,-102.46438598632812,0.0,388.9214172363281,388.9214172363281,0.0,286.45703125,sa23_reg[0]/CLK,rise
text_out_reg[68]/D,-10.3197021484375,-10.3197021484375,0.0,548.9325561523438,548.9324951171875,6.103515625e-05,538.61279296875,sa30_reg[7]/CLK,rise
sa12_reg[6]/D,22.7928466796875,22.7928466796875,0.0,474.1573181152344,474.15728759765625,3.0517578125e-05,496.95013427734375,text_in_r_reg[54]/CLK,rise
sa03_reg[4]/D,-93.88787841796875,-93.88787841796875,0.0,488.63421630859375,488.63421630859375,0.0,394.746337890625,text_in_r_reg[28]/CLK,rise
u0_r0_rcnt_reg[0]/D,135.53439331054688,135.53439331054688,0.0,494.4786376953125,494.4786682128906,-3.0517578125e-05,630.0130615234375,u0_r0_rcnt_reg[0]/CLK,rise
sa32_reg[0]/D,13.583251953125,13.583251953125,0.0,420.4231872558594,420.4232177734375,-3.0517578125e-05,434.0064697265625,text_in_r_reg[32]/CLK,fall
u0_r0_out_reg[25]/D,-41.62579345703125,-41.62579345703125,0.0,610.9276123046875,610.9275512695312,6.103515625e-05,569.3017578125,u0_r0_rcnt_reg[0]/CLK,rise
u0_w_reg[1][4]/D,-90.44708251953125,-90.44708251953125,0.0,551.8056030273438,551.8057250976562,-0.0001220703125,461.358642578125,u0_w_reg[3][25]/CLK,rise
u0_w_reg[2][14]/D,-118.83197021484375,-118.83197021484375,0.0,551.4736328125,551.4735717773438,6.103515625e-05,432.6416015625,u0_w_reg[3][7]/CLK,fall
sa10_reg[1]/D,28.2825927734375,28.2825927734375,0.0,487.4881591796875,487.4881591796875,0.0,515.770751953125,text_in_r_reg[113]/CLK,rise
u0_w_reg[1][16]/D,-65.2088623046875,-65.2088623046875,0.0,556.2351684570312,556.2351684570312,0.0,491.02630615234375,u0_w_reg[3][15]/CLK,fall
text_out_reg[76]/D,146.30230712890625,146.30230712890625,0.0,398.8531799316406,398.8531494140625,3.0517578125e-05,545.1554565429688,sa23_reg[0]/CLK,rise
sa01_reg[6]/D,300.6604919433594,300.6604919433594,0.0,205.51425170898438,205.51425170898438,0.0,506.17474365234375,u0_w_reg[1][30]/CLK,rise
text_in_r_reg[17]/D,139.4818115234375,139.4818115234375,0.0,412.6231689453125,412.6231689453125,0.0,552.10498046875,text_in_r_reg[17]/CLK,rise
text_in_r_reg[53]/D,139.896240234375,139.896240234375,0.0,485.85693359375,485.85693359375,0.0,625.753173828125,text_in_r_reg[53]/CLK,rise
text_out_reg[87]/D,4.0379638671875,4.0379638671875,0.0,554.751220703125,554.751220703125,0.0,558.7891845703125,sa12_reg[1]/CLK,rise
sa20_reg[5]/D,277.7843017578125,277.7843017578125,0.0,179.0445556640625,179.04457092285156,-1.52587890625e-05,456.8288879394531,u0_w_reg[0][13]/CLK,fall
u0_w_reg[2][8]/D,-238.21151733398438,-238.21151733398438,0.0,546.7818603515625,546.7819213867188,-6.103515625e-05,308.5704040527344,u0_w_reg[3][3]/CLK,rise
u0_w_reg[1][6]/D,-69.22674560546875,-69.22674560546875,0.0,551.5213012695312,551.5214233398438,-0.0001220703125,482.294677734375,u0_w_reg[3][25]/CLK,fall
text_in_r_reg[6]/D,139.78759765625,139.78759765625,0.0,412.1554260253906,412.1553955078125,3.0517578125e-05,551.9429931640625,text_in_r_reg[6]/CLK,rise
sa32_reg[2]/D,-22.744964599609375,-22.744964599609375,0.0,490.72552490234375,490.7255554199219,-3.0517578125e-05,467.9805908203125,text_in_r_reg[34]/CLK,rise
u0_r0_out_reg[29]/D,-50.80487060546875,-50.80487060546875,0.0,619.1283569335938,619.1283569335938,0.0,568.323486328125,u0_r0_rcnt_reg[0]/CLK,rise
u0_w_reg[2][7]/D,-51.026123046875,-51.026123046875,0.0,557.8331298828125,557.8331909179688,-6.103515625e-05,506.80706787109375,u0_w_reg[3][25]/CLK,fall
text_out_reg[79]/D,171.33572387695312,171.33572387695312,0.0,387.97467041015625,387.9747009277344,-3.0517578125e-05,559.3104248046875,sa23_reg[0]/CLK,rise
text_out_reg[55]/D,69.77911376953125,69.77911376953125,0.0,477.86907958984375,477.8690185546875,6.103515625e-05,547.6481323242188,sa13_reg[1]/CLK,rise
sa03_reg[2]/D,31.423004150390625,31.423004150390625,0.0,416.0848388671875,416.0848693847656,-3.0517578125e-05,447.50787353515625,text_in_r_reg[26]/CLK,fall
u0_w_reg[1][9]/D,-42.87786865234375,-42.87786865234375,0.0,555.1123657226562,555.1123657226562,0.0,512.2344970703125,u0_w_reg[3][3]/CLK,fall
u0_w_reg[0][20]/D,-240.6287841796875,-240.6287841796875,0.0,535.7784423828125,535.7785034179688,-6.103515625e-05,295.14971923828125,u0_w_reg[3][15]/CLK,rise
sa31_reg[4]/D,126.12274169921875,126.12274169921875,0.0,372.8831787109375,372.8832092285156,-3.0517578125e-05,499.0059509277344,u0_w_reg[1][4]/CLK,rise
dcnt_reg[1]/D,-42.40283203125,-42.40283203125,0.0,598.33740234375,598.33740234375,0.0,555.9345703125,dcnt_reg[0]/CLK,rise
u0_w_reg[2][1]/D,-291.1142883300781,-291.1142883300781,0.0,566.6927490234375,566.69287109375,-0.0001220703125,275.5785827636719,u0_w_reg[3][25]/CLK,fall
text_in_r_reg[67]/D,136.36001586914062,136.36001586914062,0.0,489.4498291015625,489.4498596191406,-3.0517578125e-05,625.8098754882812,text_in_r_reg[67]/CLK,rise
sa12_reg[1]/D,21.08758544921875,21.08758544921875,0.0,492.4739074707031,492.47393798828125,-3.0517578125e-05,513.5615234375,u0_w_reg[2][17]/CLK,rise
sa21_reg[0]/D,-320.9088134765625,-320.9088134765625,0.0,593.0507202148438,593.0508422851562,-0.0001220703125,272.14202880859375,sa01_reg[1]/CLK,rise
text_out_reg[97]/D,52.987396240234375,52.987396240234375,0.0,478.3365478515625,478.3365783691406,-3.0517578125e-05,531.323974609375,sa33_reg[6]/CLK,rise
sa32_reg[7]/D,9.90679931640625,9.90679931640625,0.0,483.9643249511719,483.96435546875,-3.0517578125e-05,493.87115478515625,text_in_r_reg[39]/CLK,rise
sa32_reg[6]/D,12.3277587890625,12.3277587890625,0.0,418.0653076171875,418.0652770996094,3.0517578125e-05,430.3930358886719,text_in_r_reg[38]/CLK,rise
text_in_r_reg[85]/D,154.82168579101562,154.82168579101562,0.0,109.527587890625,109.52758026123047,7.62939453125e-06,264.3492736816406,text_in_r_reg[85]/CLK,rise
text_in_r_reg[122]/D,140.0836181640625,140.0836181640625,0.0,484.85943603515625,484.85943603515625,0.0,624.9430541992188,text_in_r_reg[122]/CLK,rise
text_in_r_reg[35]/D,165.26394653320312,165.26394653320312,0.0,96.5378189086914,96.53781127929688,7.62939453125e-06,261.8017578125,text_in_r_reg[35]/CLK,rise
text_out_reg[11]/D,-166.50250244140625,-166.50250244140625,0.0,516.1688842773438,516.1688842773438,0.0,349.6663818359375,sa21_reg[1]/CLK,rise
text_out_reg[110]/D,121.38885498046875,121.38885498046875,0.0,336.619873046875,336.619873046875,0.0,458.00872802734375,u0_w_reg[0][14]/CLK,rise
text_in_r_reg[106]/D,136.7562255859375,136.7562255859375,0.0,417.68011474609375,417.68011474609375,0.0,554.4363403320312,text_in_r_reg[106]/CLK,rise
sa21_reg[5]/D,-217.80905151367188,-217.80905151367188,0.0,478.500732421875,478.5007629394531,-3.0517578125e-05,260.69171142578125,text_in_r_reg[77]/CLK,fall
text_in_r_reg[72]/D,169.6304931640625,169.6304931640625,0.0,89.5843734741211,89.58438110351562,-7.62939453125e-06,259.2148742675781,text_in_r_reg[72]/CLK,rise
u0_w_reg[1][21]/D,11.320068359375,11.320068359375,0.0,541.009033203125,541.0089721679688,6.103515625e-05,552.3290405273438,u0_w_reg[3][15]/CLK,rise
text_out_reg[92]/D,-11.72314453125,-11.72314453125,0.0,550.7356567382812,550.7357177734375,-6.103515625e-05,539.0125732421875,sa01_reg[3]/CLK,rise
text_in_r_reg[64]/D,131.86712646484375,131.86712646484375,0.0,421.02435302734375,421.02435302734375,0.0,552.8914794921875,text_in_r_reg[64]/CLK,rise
text_out_reg[2]/D,-59.08941650390625,-59.08941650390625,0.0,539.9652099609375,539.9652099609375,0.0,480.87579345703125,sa32_reg[7]/CLK,rise
sa20_reg[4]/D,12.22418212890625,12.22418212890625,0.0,481.7030029296875,481.7030029296875,0.0,493.92718505859375,text_in_r_reg[108]/CLK,rise
u0_r0_out_reg[30]/D,-29.6080322265625,-29.6080322265625,0.0,604.1334228515625,604.1334228515625,0.0,574.525390625,u0_r0_rcnt_reg[0]/CLK,rise
text_in_r_reg[14]/D,169.88455200195312,169.88455200195312,0.0,93.02188873291016,93.02188873291016,0.0,262.90643310546875,text_in_r_reg[14]/CLK,rise
text_in_r_reg[73]/D,142.85372924804688,142.85372924804688,0.0,471.5456848144531,471.5456848144531,0.0,614.3994140625,text_in_r_reg[73]/CLK,rise
sa21_reg[4]/D,61.68865966796875,61.68865966796875,0.0,434.4051513671875,434.4051513671875,0.0,496.09381103515625,text_in_r_reg[76]/CLK,rise
text_in_r_reg[119]/D,134.8447265625,134.8447265625,0.0,477.97930908203125,477.97930908203125,0.0,612.8240356445312,text_in_r_reg[119]/CLK,rise
sa01_reg[0]/D,15.927886962890625,15.927886962890625,0.0,486.7886962890625,486.7886962890625,0.0,502.7165832519531,text_in_r_reg[88]/CLK,fall
text_in_r_reg[37]/D,142.32684326171875,142.32684326171875,0.0,471.59735107421875,471.59735107421875,0.0,613.9241943359375,text_in_r_reg[37]/CLK,rise
u0_w_reg[2][12]/D,-290.94366455078125,-290.94366455078125,0.0,558.4595336914062,558.4595336914062,0.0,267.515869140625,u0_w_reg[3][3]/CLK,fall
sa22_reg[6]/D,-102.50436401367188,-102.50436401367188,0.0,348.4925231933594,348.4925231933594,0.0,245.9881591796875,u0_w_reg[2][14]/CLK,rise
text_out_reg[94]/D,-19.5096435546875,-19.5096435546875,0.0,555.8270263671875,555.8269653320312,6.103515625e-05,536.3173217773438,sa01_reg[1]/CLK,rise
u0_w_reg[2][2]/D,-94.40863037109375,-94.40863037109375,0.0,560.2274169921875,560.2276000976562,-0.00018310546875,465.8189697265625,u0_w_reg[3][25]/CLK,rise
text_in_r_reg[70]/D,138.83575439453125,138.83575439453125,0.0,487.412841796875,487.412841796875,0.0,626.2485961914062,text_in_r_reg[70]/CLK,rise
text_out_reg[108]/D,-8.843994140625,-8.843994140625,0.0,481.6859436035156,481.6859130859375,3.0517578125e-05,472.8419189453125,sa22_reg[3]/CLK,rise
u0_w_reg[3][4]/D,-122.7916259765625,-122.7916259765625,0.0,548.2986450195312,548.2987670898438,-0.0001220703125,425.50714111328125,u0_w_reg[3][25]/CLK,rise
text_in_r_reg[15]/D,136.06729125976562,136.06729125976562,0.0,478.64544677734375,478.6454162597656,3.0517578125e-05,614.7127075195312,text_in_r_reg[15]/CLK,rise
sa21_reg[2]/D,-222.52078247070312,-222.52078247070312,0.0,484.68695068359375,484.6869812011719,-3.0517578125e-05,262.16619873046875,text_in_r_reg[74]/CLK,fall
text_in_r_reg[9]/D,177.28094482421875,177.28094482421875,0.0,81.9320297241211,81.9320297241211,0.0,259.2129821777344,text_in_r_reg[9]/CLK,rise
u0_w_reg[0][18]/D,-77.54238891601562,-77.54238891601562,0.0,549.6126098632812,549.6124877929688,0.0001220703125,472.0700988769531,u0_w_reg[3][15]/CLK,fall
sa32_reg[5]/D,-149.93023681640625,-149.93023681640625,0.0,590.5579833984375,590.5579833984375,0.0,440.62774658203125,sa31_reg[7]/CLK,fall
sa03_reg[5]/D,-68.52191162109375,-68.52191162109375,0.0,433.2541198730469,433.254150390625,-3.0517578125e-05,364.73223876953125,u0_w_reg[3][29]/CLK,fall
done_reg/D,81.94754028320312,81.94754028320312,0.0,494.0503845214844,494.0503845214844,0.0,575.9979248046875,dcnt_reg[0]/CLK,rise
text_out_reg[70]/D,-27.26971435546875,-27.26971435546875,0.0,550.291015625,550.2909545898438,6.103515625e-05,523.021240234375,sa30_reg[7]/CLK,rise
sa30_reg[7]/D,22.196990966796875,22.196990966796875,0.0,485.14306640625,485.14306640625,0.0,507.3400573730469,text_in_r_reg[103]/CLK,rise
sa22_reg[7]/D,-217.99496459960938,-217.99496459960938,0.0,479.569091796875,479.569091796875,0.0,261.5741271972656,text_in_r_reg[47]/CLK,rise
u0_w_reg[1][14]/D,-105.16485595703125,-105.16485595703125,0.0,553.6546020507812,553.654541015625,6.103515625e-05,448.48968505859375,u0_w_reg[3][7]/CLK,fall
u0_w_reg[2][15]/D,-39.756134033203125,-39.756134033203125,0.0,550.66357421875,550.66357421875,0.0,510.9074401855469,u0_w_reg[3][3]/CLK,fall
sa03_reg[3]/D,-73.37506103515625,-73.37506103515625,0.0,499.62451171875,499.6244812011719,3.0517578125e-05,426.2494201660156,text_in_r_reg[27]/CLK,rise
text_in_r_reg[65]/D,138.027587890625,138.027587890625,0.0,488.866943359375,488.866943359375,0.0,626.89453125,text_in_r_reg[65]/CLK,rise
text_out_reg[125]/D,-37.45477294921875,-37.45477294921875,0.0,547.740966796875,547.7409057617188,6.103515625e-05,510.2861328125,sa00_reg[1]/CLK,rise
text_out_reg[121]/D,6.11993408203125,6.11993408203125,0.0,551.7234497070312,551.7235717773438,-0.0001220703125,557.843505859375,sa00_reg[1]/CLK,rise
text_out_reg[19]/D,-57.24786376953125,-57.24786376953125,0.0,528.8387451171875,528.8386840820312,6.103515625e-05,471.5908203125,sa10_reg[1]/CLK,rise
u0_w_reg[1][25]/D,-19.56304931640625,-19.56304931640625,0.0,561.035888671875,561.0359497070312,-6.103515625e-05,541.472900390625,u0_w_reg[3][16]/CLK,rise
u0_r0_out_reg[24]/D,28.6536865234375,28.6536865234375,0.0,542.9891357421875,542.9891357421875,0.0,571.642822265625,u0_r0_rcnt_reg[0]/CLK,rise
sa30_reg[6]/D,18.56304931640625,18.56304931640625,0.0,421.3719177246094,421.37188720703125,3.0517578125e-05,439.9349365234375,text_in_r_reg[102]/CLK,rise
text_out_reg[48]/D,-171.23284912109375,-171.23284912109375,0.0,466.3890380859375,466.3890380859375,0.0,295.15618896484375,sa13_reg[1]/CLK,rise
text_out_reg[22]/D,-39.18414306640625,-39.18414306640625,0.0,530.7213134765625,530.7213134765625,0.0,491.53717041015625,sa10_reg[1]/CLK,rise
sa11_reg[6]/D,-105.3675537109375,-105.3675537109375,0.0,591.8679809570312,591.8679809570312,0.0,486.50042724609375,sa01_reg[1]/CLK,rise
text_out_reg[124]/D,-64.41879272460938,-64.41879272460938,0.0,547.1466674804688,547.1465454101562,0.0001220703125,482.7277526855469,sa00_reg[7]/CLK,rise
text_out_reg[84]/D,-5.7864990234375,-5.7864990234375,0.0,544.7059326171875,544.7059326171875,0.0,538.91943359375,sa12_reg[1]/CLK,rise
sa03_reg[7]/D,-60.61053466796875,-60.61053466796875,0.0,490.75921630859375,490.75921630859375,0.0,430.148681640625,text_in_r_reg[31]/CLK,rise
text_in_r_reg[16]/D,137.17266845703125,137.17266845703125,0.0,477.58294677734375,477.58294677734375,0.0,614.755615234375,text_in_r_reg[16]/CLK,rise
text_in_r_reg[36]/D,168.90870666503906,168.90870666503906,0.0,90.34330749511719,90.34330749511719,0.0,259.25201416015625,text_in_r_reg[36]/CLK,rise
sa02_reg[4]/D,-85.90060424804688,-85.90060424804688,0.0,347.8566589355469,347.8566589355469,0.0,261.9560546875,u0_w_reg[2][28]/CLK,rise
u0_r0_rcnt_reg[1]/D,27.51300048828125,27.51300048828125,0.0,546.2607421875,546.2608032226562,-6.103515625e-05,573.7738037109375,u0_r0_rcnt_reg[0]/CLK,rise
text_in_r_reg[1]/D,129.448974609375,129.448974609375,0.0,495.4141845703125,495.4141845703125,0.0,624.8631591796875,text_in_r_reg[1]/CLK,rise
text_out_reg[7]/D,-41.96600341796875,-41.96600341796875,0.0,527.2108154296875,527.2107543945312,6.103515625e-05,485.2447509765625,sa32_reg[7]/CLK,rise
u0_w_reg[3][8]/D,-142.49349975585938,-142.49349975585938,0.0,546.5804443359375,546.5805053710938,-6.103515625e-05,404.0870056152344,u0_w_reg[3][3]/CLK,rise
u0_w_reg[0][10]/D,-169.24713134765625,-169.24713134765625,0.0,535.8880615234375,535.8881225585938,-6.103515625e-05,366.6409912109375,u0_w_reg[3][3]/CLK,fall
text_out_reg[0]/D,-23.7840576171875,-23.7840576171875,0.0,514.0476684570312,514.0476684570312,0.0,490.26361083984375,sa32_reg[1]/CLK,rise
text_out_reg[119]/D,-60.1976318359375,-60.1976318359375,0.0,547.1695556640625,547.1696166992188,-6.103515625e-05,486.97198486328125,sa11_reg[4]/CLK,rise
text_in_r_reg[33]/D,138.98788452148438,138.98788452148438,0.0,484.4754943847656,484.4754943847656,0.0,623.46337890625,text_in_r_reg[33]/CLK,rise
sa32_reg[1]/D,5.280303955078125,5.280303955078125,0.0,487.9940185546875,487.9939880371094,3.0517578125e-05,493.2742919921875,text_in_r_reg[33]/CLK,rise
text_out_reg[52]/D,-177.92706298828125,-177.92706298828125,0.0,473.3704528808594,473.3704528808594,0.0,295.4433898925781,sa13_reg[1]/CLK,rise
u0_w_reg[2][6]/D,-154.68115234375,-154.68115234375,0.0,551.6402587890625,551.6404418945312,-0.00018310546875,396.95928955078125,u0_w_reg[3][25]/CLK,rise
sa01_reg[3]/D,18.225067138671875,18.225067138671875,0.0,494.52655029296875,494.5265808105469,-3.0517578125e-05,512.7516479492188,text_in_r_reg[91]/CLK,rise
text_out_reg[31]/D,9.832122802734375,9.832122802734375,0.0,466.10833740234375,466.1083679199219,-3.0517578125e-05,475.94049072265625,sa03_reg[1]/CLK,rise
sa00_reg[0]/D,21.559967041015625,21.559967041015625,0.0,417.02520751953125,417.0252380371094,-3.0517578125e-05,438.585205078125,text_in_r_reg[120]/CLK,rise
u0_w_reg[0][14]/D,-119.2044677734375,-119.2044677734375,0.0,539.9686279296875,539.9685668945312,6.103515625e-05,420.76409912109375,u0_w_reg[3][7]/CLK,fall
sa22_reg[3]/D,-38.5631103515625,-38.5631103515625,0.0,496.426025390625,496.426025390625,0.0,457.8629150390625,u0_w_reg[2][11]/CLK,rise
u0_w_reg[3][9]/D,-109.29791259765625,-109.29791259765625,0.0,552.3821411132812,552.3821411132812,0.0,443.084228515625,u0_w_reg[3][3]/CLK,rise
sa31_reg[0]/D,-8.096923828125,-8.096923828125,0.0,492.0618896484375,492.0618896484375,0.0,483.9649658203125,u0_w_reg[1][0]/CLK,rise
sa12_reg[7]/D,76.51785278320312,76.51785278320312,0.0,420.3332824707031,420.3332824707031,0.0,496.85113525390625,u0_w_reg[2][23]/CLK,rise
u0_w_reg[2][21]/D,-260.2935485839844,-260.2935485839844,0.0,561.4876708984375,561.487548828125,0.0001220703125,301.1940002441406,u0_w_reg[3][15]/CLK,fall
u0_w_reg[3][28]/D,-231.1258544921875,-231.1258544921875,0.0,565.5638427734375,565.5640258789062,-0.00018310546875,334.43817138671875,u0_w_reg[3][16]/CLK,rise
sa02_reg[6]/D,-159.77993774414062,-159.77993774414062,0.0,426.06365966796875,426.06365966796875,0.0,266.2837219238281,text_in_r_reg[62]/CLK,rise
text_out_reg[32]/D,-249.42123413085938,-249.42123413085938,0.0,545.2861938476562,545.2861938476562,0.0,295.8649597167969,sa31_reg[7]/CLK,rise
u0_w_reg[0][9]/D,-282.03717041015625,-282.03717041015625,0.0,541.021240234375,541.0213012695312,-6.103515625e-05,258.984130859375,u0_w_reg[3][3]/CLK,fall
text_in_r_reg[8]/D,134.19158935546875,134.19158935546875,0.0,489.12091064453125,489.12091064453125,0.0,623.3125,text_in_r_reg[8]/CLK,rise
text_in_r_reg[71]/D,156.33880615234375,156.33880615234375,0.0,105.54248046875,105.54248046875,0.0,261.88128662109375,text_in_r_reg[71]/CLK,rise
text_out_reg[104]/D,21.991485595703125,21.991485595703125,0.0,464.2538146972656,464.2538146972656,0.0,486.24530029296875,sa22_reg[3]/CLK,rise
sa13_reg[2]/D,-123.56637573242188,-123.56637573242188,0.0,568.6380615234375,568.6380004882812,6.103515625e-05,445.0716247558594,sa10_reg[3]/CLK,rise
text_in_r_reg[62]/D,134.65908813476562,134.65908813476562,0.0,413.858154296875,413.8581848144531,-3.0517578125e-05,548.5172729492188,text_in_r_reg[62]/CLK,rise
text_out_reg[21]/D,-90.69439697265625,-90.69439697265625,0.0,528.7125854492188,528.7125854492188,0.0,438.0181884765625,sa10_reg[1]/CLK,rise
sa00_reg[3]/D,23.737762451171875,23.737762451171875,0.0,485.4150085449219,485.4150085449219,0.0,509.15277099609375,text_in_r_reg[123]/CLK,rise
sa12_reg[2]/D,381.8018493652344,381.8018493652344,0.0,121.55615997314453,121.55615997314453,0.0,503.3580017089844,u0_w_reg[2][18]/CLK,rise
sa20_reg[7]/D,2.82794189453125,2.82794189453125,0.0,483.342041015625,483.342041015625,0.0,486.16998291015625,text_in_r_reg[111]/CLK,rise
text_out_reg[60]/D,-236.47305297851562,-236.47305297851562,0.0,532.637451171875,532.637451171875,0.0,296.1643981933594,sa02_reg[1]/CLK,rise
u0_w_reg[1][10]/D,-57.68597412109375,-57.68597412109375,0.0,529.8033447265625,529.8034057617188,-6.103515625e-05,472.117431640625,u0_w_reg[3][3]/CLK,rise
u0_w_reg[0][24]/D,-62.98388671875,-62.98388671875,0.0,561.6632690429688,561.663330078125,-6.103515625e-05,498.679443359375,u0_w_reg[3][16]/CLK,rise
sa11_reg[5]/D,-6.53985595703125,-6.53985595703125,0.0,493.6102294921875,493.6102294921875,0.0,487.07037353515625,u0_w_reg[1][21]/CLK,fall
u0_w_reg[0][6]/D,-61.12164306640625,-61.12164306640625,0.0,537.5145263671875,537.5146484375,-0.0001220703125,476.39300537109375,u0_w_reg[3][25]/CLK,rise
text_out_reg[127]/D,17.5107421875,17.5107421875,0.0,539.5831298828125,539.5831298828125,0.0,557.0938720703125,sa00_reg[7]/CLK,rise
u0_w_reg[0][0]/D,-30.58258056640625,-30.58258056640625,0.0,528.142333984375,528.142333984375,0.0,497.55975341796875,u0_w_reg[3][29]/CLK,rise
text_in_r_reg[84]/D,138.56100463867188,138.56100463867188,0.0,488.5016784667969,488.5016784667969,0.0,627.0626831054688,text_in_r_reg[84]/CLK,rise
u0_w_reg[1][0]/D,-6.72540283203125,-6.72540283203125,0.0,555.3904418945312,555.3904418945312,0.0,548.6650390625,u0_w_reg[3][29]/CLK,rise
text_in_r_reg[66]/D,168.76585388183594,168.76585388183594,0.0,90.45332336425781,90.45332336425781,0.0,259.21917724609375,text_in_r_reg[66]/CLK,rise
text_in_r_reg[46]/D,181.07977294921875,181.07977294921875,0.0,68.6874771118164,68.6874771118164,0.0,249.7672576904297,text_in_r_reg[46]/CLK,rise
text_in_r_reg[120]/D,140.662353515625,140.662353515625,0.0,414.1971435546875,414.1971435546875,0.0,554.8594970703125,text_in_r_reg[120]/CLK,rise
text_in_r_reg[79]/D,141.242919921875,141.242919921875,0.0,484.63177490234375,484.63177490234375,0.0,625.8746948242188,text_in_r_reg[79]/CLK,rise
text_out_reg[3]/D,-37.545166015625,-37.545166015625,0.0,518.593994140625,518.5939331054688,6.103515625e-05,481.04876708984375,sa32_reg[1]/CLK,rise
sa30_reg[5]/D,25.165618896484375,25.165618896484375,0.0,423.7170715332031,423.7170715332031,0.0,448.8826904296875,text_in_r_reg[101]/CLK,rise
sa02_reg[3]/D,-182.37539672851562,-182.37539672851562,0.0,445.8515930175781,445.8515930175781,0.0,263.4761962890625,u0_w_reg[2][27]/CLK,rise
text_in_r_reg[107]/D,141.61373901367188,141.61373901367188,0.0,482.4765625,482.4765930175781,-3.0517578125e-05,624.09033203125,text_in_r_reg[107]/CLK,rise
text_out_reg[80]/D,-11.8013916015625,-11.8013916015625,0.0,555.1572265625,555.1571655273438,6.103515625e-05,543.3557739257812,sa12_reg[1]/CLK,rise
u0_w_reg[2][25]/D,-104.5689697265625,-104.5689697265625,0.0,582.77392578125,582.77392578125,0.0,478.2049560546875,u0_w_reg[3][16]/CLK,fall
u0_w_reg[3][18]/D,-297.51226806640625,-297.51226806640625,0.0,550.0621948242188,550.0621948242188,0.0,252.54991149902344,u0_w_reg[3][15]/CLK,rise
text_out_reg[107]/D,90.21444702148438,90.21444702148438,0.0,466.5596923828125,466.5596618652344,3.0517578125e-05,556.7741088867188,sa22_reg[3]/CLK,rise
text_out_reg[16]/D,-68.88568115234375,-68.88568115234375,0.0,527.9029541015625,527.9030151367188,-6.103515625e-05,459.017333984375,sa10_reg[1]/CLK,rise
text_in_r_reg[99]/D,133.12387084960938,133.12387084960938,0.0,478.32464599609375,478.3246154785156,3.0517578125e-05,611.448486328125,text_in_r_reg[99]/CLK,rise
sa03_reg[6]/D,32.43585205078125,32.43585205078125,0.0,413.77874755859375,413.77874755859375,0.0,446.214599609375,text_in_r_reg[30]/CLK,rise
text_in_r_reg[59]/D,162.541748046875,162.541748046875,0.0,100.29671478271484,100.29671478271484,0.0,262.8384704589844,text_in_r_reg[59]/CLK,rise
text_out_reg[45]/D,26.20806884765625,26.20806884765625,0.0,522.0692138671875,522.0692749023438,-6.103515625e-05,548.27734375,sa20_reg[4]/CLK,rise
text_in_r_reg[22]/D,140.97470092773438,140.97470092773438,0.0,479.669921875,479.6699523925781,-3.0517578125e-05,620.6446533203125,text_in_r_reg[22]/CLK,rise
u0_r0_out_reg[26]/D,-49.87969970703125,-49.87969970703125,0.0,619.0609130859375,619.0609130859375,0.0,569.1812133789062,u0_r0_rcnt_reg[0]/CLK,rise
text_in_r_reg[63]/D,143.42095947265625,143.42095947265625,0.0,471.19921875,471.19921875,0.0,614.6201782226562,text_in_r_reg[63]/CLK,rise
text_in_r_reg[54]/D,141.95199584960938,141.95199584960938,0.0,470.6430969238281,470.6430969238281,0.0,612.5950927734375,text_in_r_reg[54]/CLK,rise
u0_w_reg[0][12]/D,-275.22857666015625,-275.22857666015625,0.0,532.885009765625,532.8849487304688,6.103515625e-05,257.6563720703125,u0_w_reg[3][3]/CLK,fall
u0_w_reg[2][29]/D,-278.2344055175781,-278.2344055175781,0.0,581.6240844726562,581.6240844726562,0.0,303.3896789550781,u0_w_reg[3][16]/CLK,rise
text_in_r_reg[80]/D,137.56399536132812,137.56399536132812,0.0,476.12957763671875,476.1296081542969,-3.0517578125e-05,613.693603515625,text_in_r_reg[80]/CLK,rise
text_in_r_reg[11]/D,136.65432739257812,136.65432739257812,0.0,478.1868896484375,478.1868591308594,3.0517578125e-05,614.8411865234375,text_in_r_reg[11]/CLK,rise
